Name,Term,ES,NES,NOM p-val,FDR q-val,FWER p-val,Tag %,Gene %,Lead_genes,FDR_numeric,NES_numeric,Library,Direction,Abs_NES,Cluster_Size,Collapsed_Terms,FDR_for_plot,FDR_reporting_note
prerank,MSigDB_Hallmark_2020::E2F Targets,-0.6154535855705761,-3.012359302199792,0.0,0.0,0.0,87/169,14.42%,NCAPD2;DEPDC1;RFC2;RPA3;SMC4;KIF18B;CDCA3;RFC1;ORC6;HUS1;KIF4A;SPC25;MLH1;RAD51C;RAD1;CDKN3;GINS3;SMC3;RPA1;GINS1;DCLRE1B;MKI67;RACGAP1;STAG1;PDS5B;MCM2;DLGAP5;SPAG5;MCM5;MMS22L;GINS4;RAD50;KIF22;PMS2;SMC1A;NUP205;CTCF;MELK;TRIP13;RPA2;LIG1;NOLC1;KIF2C;SMC6;DSCC1;CKS2;ORC2;ZW10;CENPM;POLE4;LBR;MSH2;CSE1L;MCM4;CCP110;MCM6;MCM7;PTTG1;RAD21;TIPIN;PPP1R8;ATAD2;SPC24;CCNB2;CENPE;DONSON;POP7;EIF2S1;CDKN1B;SSRP1;CBX5;PSMC3IP;KPNA2;NBN;CDC25B;SUV39H1;RAD51AP1;RFC3;CTPS1;UBE2S;TACC3;EXOSC8;MCM3;NUDT21;ASF1B;IPO7;RNASEH2A,0.0,-3.012359302199792,MSigDB_Hallmark_2020,negative,3.012359302199792,1,MSigDB_Hallmark_2020::E2F Targets,0.0004997501249375312,raw q=0; plot uses floor 1/2001
prerank,MSigDB_Hallmark_2020::Coagulation,0.74527620617615,2.630062710857762,0.0,0.0,0.0,66/89,19.26%,CRIP2;CPQ;PRSS23;CTSE;DUSP14;TIMP3;MMP11;COMP;ANG;LGMN;OLR1;PROC;KLK8;C8G;CPB2;APOC2;CTSV;MMP10;BMP1;FBN1;THBS1;SERPINB2;CFI;HRG;C8A;C2;C1R;PF4;PROZ;CAPN5;GP9;MMP15;CFH;C8B;APOC1;DUSP6;CTSO;CTSH;C9;APOA1;CTSB;DCT;WDR1;S100A13;MSRB2;ANXA1;ACOX2;ITIH1;GP1BA;C1QA;S100A1;MAFF;TFPI2;FURIN;THBD;PREP;SERPINA1;KLF7;PECAM1;F2RL2;TIMP1;SPARC;MEP1A;PLEK;CAPN2;GSN,0.0,2.630062710857762,MSigDB_Hallmark_2020,positive,2.630062710857762,1,MSigDB_Hallmark_2020::Coagulation,0.0004997501249375312,raw q=0; plot uses floor 1/2001
prerank,MSigDB_Hallmark_2020::TNF-alpha Signaling via NF-kB,0.6990309302853287,2.591354837185688,0.0,0.0,0.0,118/153,24.44%,TNFAIP8;SLC2A6;SNN;ZBTB10;SERPINB8;GEM;G0S2;DRAM1;PTX3;IER3;OLR1;KLF10;PLAUR;DDX58;CCL5;NR4A3;SLC16A6;PHLDA1;SERPINB2;CXCL1;CXCL11;JUN;CXCL6;NINJ1;EDN1;LDLR;PNRC1;TRIB1;IFIH1;FOSL2;PDLIM5;TRIP10;CXCL3;CCL20;EGR3;MSC;TAP1;SMAD3;TNFAIP6;BTG1;CD83;LIF;NFAT5;ATF3;ETS2;NFKBIE;GFPT2;NR4A2;IER5;PFKFB3;MYC;DUSP5;SAT1;EIF1;SPHK1;IFIT2;GCH1;IER2;RELB;CEBPB;PLK2;LITAF;BCL3;MAFF;IL7R;KYNU;CXCL2;TNFAIP3;CCNL1;F2RL1;MXD1;AREG;CEBPD;STAT5A;TRAF1;DUSP1;DUSP2;CCRL2;TNFAIP2;RIPK2;RNF19B;FOS;MAP2K3;PTPRE;PHLDA2;FOSL1;TIPARP;CD69;ZC3H12A;SLC2A3;PLEK;KLF9;SOD2;GPR183;CDKN1A;KLF6;IRS2;BMP2;ACKR3;ID2;IL15RA;JAG1;TNIP2;TNIP1;CCL4;NR4A1;EHD1;KLF4;ZFP36;PMEPA1;NFIL3;EGR2;SQSTM1;PPP1R15A;FOSB;TANK;REL;DNAJB4,0.0,2.591354837185688,MSigDB_Hallmark_2020,positive,2.591354837185688,1,MSigDB_Hallmark_2020::TNF-alpha Signaling via NF-kB,0.0004997501249375312,raw q=0; plot uses floor 1/2001
prerank,MSigDB_Hallmark_2020::Interferon Gamma Response,0.6886458777057256,2.568040735103879,0.0,0.0,0.0,115/154,22.99%,LYSMD2;ZNFX1;IFI30;SPPL2A;CMKLR1;APOL6;FPR1;TOR1B;HERC6;GBP4;CIITA;MX2;IFI44;FGL2;HLA-DMA;RSAD2;DDX58;IFI44L;CCL5;SP110;BATF2;USP18;CXCL9;OASL;KLRK1;IFITM3;OAS2;LCP2;C1R;IL7;TNFSF10;XAF1;CXCL11;IFIT1;OAS3;CCL7;HLA-DQA1;HIF1A;VCAM1;IFI27;PTPN6;IRF4;ISG20;CFH;MT2A;GZMA;IFIH1;LGALS3BP;SAMD9L;MX1;TAP1;TNFAIP6;XCL1;STAT4;PFKP;DDX60;BTG1;IFIT3;IRF8;PARP12;PARP14;EPSTI1;CMPK2;RTP4;OGFR;IFIT2;GCH1;SAMHD1;EIF2AK2;BST2;IRF5;FAS;PLSCR1;B2M;IFITM2;TNFAIP3;IRF7;IL18BP;MYD88;PML;ITGB7;TNFAIP2;RIPK2;VAMP5;RNF213;IRF2;BANK1;HELZ2;IFI35;IRF9;CD69;NCOA3;PTPN1;ST8SIA4;SOCS1;ZBP1;SOD2;P2RY14;CDKN1A;TRIM25;NOD1;STAT1;PSMB2;IL15RA;UBE2L6;PSMA2;PTPN2;TAPBP;DHX58;GPR18;UPP1;ST3GAL5;ISG15;HLA-A;HLA-B,0.0,2.568040735103879,MSigDB_Hallmark_2020,positive,2.568040735103879,2,MSigDB_Hallmark_2020::Interferon Gamma Response | MSigDB_Hallmark_2020::Interferon Alpha Response,0.0004997501249375312,raw q=0; plot uses floor 1/2001
prerank,MSigDB_Hallmark_2020::Epithelial Mesenchymal Transition,0.7004897907157,2.559900346050819,0.0,0.0,0.0,98/140,17.79%,MXRA5;MATN2;EMP3;ABI3BP;GEM;LUM;ECM1;DCN;MFAP5;TIMP3;GLIPR1;ACTA2;FBLN1;MGP;FBLN5;FMOD;FBLN2;PTX3;LOXL1;COMP;IGFBP4;TAGLN;EFEMP2;CAPG;PCOLCE;TPM2;PCOLCE2;FBN2;TGM2;CAP2;PLAUR;FSTL1;CTHRC1;IGFBP2;COL12A1;POSTN;LOX;P3H1;THY1;VCAN;BMP1;NNMT;PRRX1;TGFBI;FBN1;THBS1;TGFBR3;GPX7;SERPINH1;BGN;CXCL1;NID2;SFRP4;IGFBP3;QSOX1;TPM1;COL16A1;JUN;CXCL6;VCAM1;SNAI2;PLOD2;IL32;THBS2;ECM2;CALD1;WIPF1;TNFRSF11B;MYL9;COLGALT1;GJA1;ADAM12;FERMT2;GPC1;DPYSL3;SGCG;FOXC2;SLIT3;FUCA1;SERPINE2;SAT1;MATN3;SLIT2;COL8A2;PRSS2;FAS;RGS4;CDH2;TFPI2;BDNF;CALU;TNFAIP3;MSX1;AREG;DAB2;PLOD1;TIMP1;PDLIM4,0.0,2.559900346050819,MSigDB_Hallmark_2020,positive,2.559900346050819,1,MSigDB_Hallmark_2020::Epithelial Mesenchymal Transition,0.0004997501249375312,raw q=0; plot uses floor 1/2001
prerank,MSigDB_Hallmark_2020::G2-M Checkpoint,-0.5291323596374438,-2.557084497742707,0.0,0.0,0.0,65/156,13.43%,KIF15;HOXC10;KIF20B;GINS2;DBF4;PRC1;NUSAP1;SMC4;SMC2;PBK;STIL;ORC6;HUS1;TROAP;KIF4A;LIG3;CENPF;CDKN3;TPX2;RAD54L;MKI67;RACGAP1;STAG1;PDS5B;MCM2;MCM5;KIF22;SMC1A;WRN;CTCF;RPA2;SQLE;KMT5A;NOLC1;CDC27;TNPO2;KIF2C;SLC12A2;BUB3;ATRX;CKS2;NDC80;LBR;UPF1;MCM6;PTTG1;RAD21;NUMA1;ODF2;CBX1;CCNB2;CENPE;CDC45;CDKN1B;CCNT1;KPNA2;NEK2;CDC25B;CENPA;MNAT1;SUV39H1;UBE2S;TACC3;MCM3;PRPF4B,0.0,-2.557084497742707,MSigDB_Hallmark_2020,negative,2.557084497742707,1,MSigDB_Hallmark_2020::G2-M Checkpoint,0.0004997501249375312,raw q=0; plot uses floor 1/2001
prerank,MSigDB_Hallmark_2020::Allograft Rejection,0.6757968649887931,2.458691268463609,0.0,0.0,0.0,90/117,22.69%,GPR65;IGSF6;STAB1;SRGN;LY86;CFP;CD247;CAPG;ZAP70;CD8B;RPL39;CD8A;TLR6;HLA-DMA;CD7;TAP2;CCL5;CD1D;THY1;WAS;CXCL13;HLA-DOB;HLA-DMB;CXCL9;HLA-DOA;CCL19;KLRD1;IL2;C2;RPL9;LCP2;PF4;IL7;TRAT1;PRF1;NCF4;HCLS1;CCL7;CCL22;HLA-DQA1;HIF1A;CCL13;PTPN6;IRF4;HLA-DRA;CXCR3;CD96;TLR1;GZMA;CSK;GZMB;TAP1;STAT4;LIF;IRF8;EIF3D;LY75;IL16;NCK1;ETS1;FAS;NCR1;BCL3;UBE2D1;B2M;IRF7;KRT1;SPI1;RIPK2;IL11;EIF5A;TIMP1;IL12RB1;UBE2N;GBP2;ST8SIA4;SOCS1;CD79A;INHBB;EIF3A;TRAF2;BCL10;STAT1;CCL4;SIT1;ABI1;TAPBP;IL27RA;RPS3A;HLA-A,0.0,2.458691268463609,MSigDB_Hallmark_2020,positive,2.458691268463609,1,MSigDB_Hallmark_2020::Allograft Rejection,0.0004997501249375312,raw q=0; plot uses floor 1/2001
prerank,MSigDB_Hallmark_2020::Hypoxia,0.6333726835290538,2.348850644171589,0.0,0.0,0.0,116/163,25.28%,CSRP2;FAM162A;SRPX;SLC6A6;LXN;DCN;KDELR3;IER3;S100A4;TGM2;PLAUR;PGAM2;STC1;TKTL1;LDHC;GLRX;LOX;P4HA2;PLAC8;TMEM45A;TGFBI;SDC2;GCK;BGN;TPST2;IGFBP1;PAM;IGFBP3;PYGM;JUN;VLDLR;ISG20;NDST2;FOXO3;FBP1;PPARGC1A;MT2A;PNRC1;FOSL2;ERO1A;GPI;HMOX1;NCAN;PLIN2;PFKP;BTG1;CP;HOXB9;ATF3;MYH9;GPC1;CAV1;HEXA;AKAP12;SDC3;SLC2A5;PFKFB3;BCAN;MT1E;ANGPTL4;P4HA1;PFKL;ETS1;MAFF;EDN2;PPP1R3C;TNFAIP3;HK2;SULT2B1;HSPA5;KLF7;DUSP1;ALDOB;FOS;TIPARP;ALDOC;SLC2A3;PPFIA4;NAGK;INHA;EXT1;GYS1;CDKN1A;KLF6;HAS1;IRS2;ACKR3;DPYSL4;TES;SCARB1;PKP1;STC2;ATP7A;ALDOA;DDIT4;GAPDH;PCK1;HK1;ZFP36;EFNA3;NFIL3;NOCT;NEDD4L;ENO3;PPP1R15A;PRDX5;PGM1;BNIP3L;PGK1;GPC4;KDM3A;SELENBP1;RORA;B4GALNT2;DDIT3;GAPDHS,0.0,2.348850644171589,MSigDB_Hallmark_2020,positive,2.348850644171589,1,MSigDB_Hallmark_2020::Hypoxia,0.0004997501249375312,raw q=0; plot uses floor 1/2001
prerank,MSigDB_Hallmark_2020::Inflammatory Response,0.6361729053965031,2.2960095990939,0.0,0.0,0.0,82/115,22.02%,EMP3;RNF144B;MARCO;CMKLR1;STAB1;CLEC5A;LAMP3;SCARF1;C3AR1;FPR1;OLR1;PLAUR;CCL5;MSR1;SLC31A1;AQP9;CXCL9;PTGIR;PDPN;CCR7;LCP2;TNFSF10;MEFV;HAS2;CSF3;CCL17;CXCL11;IFITM1;CXCL6;CCL7;CCL22;HIF1A;EDN1;IRAK2;CYBB;LDLR;TLR1;CCL20;TNFAIP6;LIF;CD82;CD48;RTP4;MYC;OSM;TNFRSF1B;SPHK1;PCDH7;GCH1;EIF2AK2;CXCR6;TNFSF15;SLC11A2;BST2;GP1BA;IL7R;IRF7;CD55;MXD1;CCRL2;GNAI3;RIPK2;PTPRE;TIMP1;RASGRP1;RGS1;CCL24;EBI3;CD69;MEP1A;SLAMF1;GPR183;SLC31A2;CDKN1A;KLF6;VIP;RHOG;IL15RA;SLC1A2;ABI1;TAPBP;ATP2C1,0.0,2.2960095990939,MSigDB_Hallmark_2020,positive,2.2960095990939,1,MSigDB_Hallmark_2020::Inflammatory Response,0.0004997501249375312,raw q=0; plot uses floor 1/2001
prerank,MSigDB_Hallmark_2020::Complement,0.6153926871802716,2.2646958153024728,0.0,0.0,0.0,78/131,19.38%,CPQ;GMFB;S100A12;ANG;C4BPB;F7;LGMN;OLR1;PLAUR;CTSV;CCL5;WAS;GCA;SERPINB2;LTF;SPOCK2;CPM;C2;LCP2;CXCL1;C1R;APOBEC3G;FCER1G;C1QC;GP9;MMP15;CFH;CR2;FCN1;CTSL;APOC1;DUSP6;CTSO;GZMA;S100A9;PRSS3;NOTCH4;GZMB;GNG2;CTSH;CD36;CP;ZEB1;C9;CTSB;DUSP5;PRCP;S100A13;CD46;CEBPB;GATA3;ITIH1;GP1BA;C1QA;CTSD;MAFF;TFPI2;PLSCR1;GZMK;KYNU;TNFAIP3;IRF7;PREP;CD55;SERPINA1;HSPA5;GNAI3;IRF2;PHEX;TIMP2;TIMP1;RASGRP1;FDX1;USP15;PLEK;ATOX1;CBLB;CDK5R1,0.0,2.2646958153024728,MSigDB_Hallmark_2020,positive,2.2646958153024728,1,MSigDB_Hallmark_2020::Complement,0.0004997501249375312,raw q=0; plot uses floor 1/2001
prerank,MSigDB_Hallmark_2020::IL-6/JAK/STAT3 Signaling,0.692959142902626,2.1485957026073472,0.0,9.508411882485054e-06,0.001,31/41,21.26%,CXCL13;CXCL9;CXCL1;PF4;IL7;REG1A;CXCL11;JUN;CCL7;CXCL3;HMOX1;CD36;TNFRSF1B;IL1R2;CBL;FAS;INHBE;DNTT;CNTFR;MYD88;CRLF2;IL12RB1;IRF9;EBI3;BAK1;PTPN1;SOCS1;STAT1;IL15RA;PTPN2;CD9,9.508411882485054e-06,2.1485957026073472,MSigDB_Hallmark_2020,positive,2.1485957026073472,1,MSigDB_Hallmark_2020::IL-6/JAK/STAT3 Signaling,0.0004997501249375312,raw q retained
prerank,MSigDB_Hallmark_2020::Myc Targets V2,-0.5802306638285598,-2.3324306291427384,0.0,2.1828424279167983e-05,0.002,27/53,11.56%,MRTO4;BYSL;GRWD1;NOC4L;MCM5;PPRC1;NIP7;IPO4;RRP9;NOLC1;RRP12;MYBBP1A;GNL3;WDR43;MPHOSPH10;EXOSC5;LAS1L;PES1;WDR74;MCM4;NOP2;PUS1;PPAN;RCL1;UTP20;CBX3;NOP16,2.1828424279167983e-05,-2.3324306291427384,MSigDB_Hallmark_2020,negative,2.3324306291427384,1,MSigDB_Hallmark_2020::Myc Targets V2,0.0004997501249375312,raw q retained
prerank,MSigDB_Hallmark_2020::Xenobiotic Metabolism,0.5685232645619496,2.095170770747844,0.0,8.615197432918277e-05,0.0105,87/157,22.64%,DHRS7;ACP2;PTGR1;SLC6A6;SLC46A3;TMEM176B;DDT;FBLN1;DHRS1;IGFBP4;PTGES;CYP1A1;AOX1;AQP9;VNN1;CES1;MAN1A1;HRG;IGFBP1;SSR3;REG1A;RBP4;PAPSS2;CCL25;NINJ1;CYFIP2;ALDH3A1;FBP1;MT2A;CRP;PDLIM5;DDAH2;CYP1A2;HMOX1;SMOX;CD36;LCAT;GSTA3;ARG1;ETS2;IRF8;ADH7;GAD1;DDC;PGD;NPC1;PYCR1;VTN;GABARAPL1;GCH1;TDO2;ACOX2;HGFAC;BLVRB;ITIH1;FAS;KYNU;SLC35D1;ITIH4;SERTAD1;TMEM97;CYP2C18;PTGES3;UGDH;UPB1;CDO1;JUP;CYP26A1;SERPINA6;APOE;GSS;RAP1GAP;ATOH8;CYP2E1;GSTM4;CYP2S1;NMT1;ID2;ARG2;BPHL;TPST1;FMO3;POR;UPP1;LEAP2;BCAR1;ALDH9A1,8.615197432918277e-05,2.095170770747844,MSigDB_Hallmark_2020,positive,2.095170770747844,1,MSigDB_Hallmark_2020::Xenobiotic Metabolism,0.0004997501249375312,raw q retained
prerank,MSigDB_Hallmark_2020::Myogenesis,0.5637844068283621,2.077834967462948,0.0,0.0001177231947355,0.016,86/150,23.85%,AEBP1;OCEL1;CNN3;DES;TAGLN;IGFBP7;MYH11;COX6A2;PFKM;TPM2;SVIL;COX7A1;SMTN;ACTC1;PGAM2;MYLPF;PTGIS;SOD3;MYL3;TNNI1;CAV3;GPX3;TNNT3;PDLIM7;IGFBP3;MAPK12;PYGM;MB;SORBS1;KLF5;MYL4;MYOM2;ACTA1;MYO1C;TNNC2;FHL1;FST;CD36;ADAM12;MYH9;SGCG;CSRP3;SGCA;WWTR1;TNNT1;HSPB8;MYF6;HSPB2;FXYD1;SPHK1;MYBPH;ACTN3;MYH3;FOXO4;PPP1R3C;MEF2C;FLII;MYL6B;APOD;ATP6AP1;LSP1;SPTAN1;VIPR1;AGRN;PLXNB2;REEP1;SYNGR2;PTP4A3;DMPK;SPARC;GSN;PPFIA4;MYLK;CDKN1A;TCAP;STC2;GABARAPL2;GJA5;ABLIM1;ITGA7;SORBS3;ENO3;ITGB4;BAG1;TSC2;CASQ2,0.0001177231947355,2.077834967462948,MSigDB_Hallmark_2020,positive,2.077834967462948,1,MSigDB_Hallmark_2020::Myogenesis,0.0004997501249375312,raw q retained
prerank,MSigDB_Hallmark_2020::IL-2/STAT5 Signaling,0.5687704256966784,2.0710737700433675,0.0,0.0001195698330843,0.017,87/141,25.62%,GPR65;SHE;EMP1;ITIH5;RABGAP1L;SWAP70;TTC39B;ECM1;CST7;PHTF2;ANXA4;CAPG;GBP4;TGM2;FGL2;BATF;ENPP1;FAM126B;CTSZ;PHLDA1;BATF3;IFITM3;TNFSF10;RHOH;GATA1;GLIPR2;IRF4;CYFIP1;IGF2R;MYO1C;AHNAK;PLIN2;ITGA6;CD83;LIF;IRF8;CD48;SMPDL3A;AMACR;MYC;GALM;TNFRSF1B;IL1R2;GABARAPL1;P4HA1;ADAM19;XBP1;CDC42SE2;S100A1;MAFF;PLSCR1;SOCS2;FURIN;HK2;MXD1;CKAP4;TRAF1;SERPINB6;SNX14;PLEC;F2RL2;SYNGR2;NCOA3;SLC2A3;SPRY4;SOCS1;SNX9;KLF6;BMP2;RNH1;EOMES;ETV4;IRF6;PENK;COCH;DCPS;NFIL3;DHRS3;ENO3;WLS;CD81;PTCH1;ARL4A;RORA;TNFRSF21;SLC29A2;RHOB,0.0001195698330843,2.0710737700433675,MSigDB_Hallmark_2020,positive,2.0710737700433675,1,MSigDB_Hallmark_2020::IL-2/STAT5 Signaling,0.0004997501249375312,raw q retained
prerank,MSigDB_Hallmark_2020::Angiogenesis,0.7357033642723191,2.0722141907208917,0.0,0.000120356476723,0.017,22/25,22.33%,LUM;SLCO2A1;PRG2;S100A4;OLR1;FSTL1;STC1;VAV2;POSTN;LPL;VCAN;PF4;CXCL6;APOH;VTN;THBD;MSX1;TIMP1;SERPINA5;JAG1;LRPAP1;JAG2,0.000120356476723,2.0722141907208917,MSigDB_Hallmark_2020,positive,2.0722141907208917,1,MSigDB_Hallmark_2020::Angiogenesis,0.0004997501249375312,raw q retained
prerank,MSigDB_Hallmark_2020::KRAS Signaling Up,0.5627009719505316,2.0757273022671696,0.0,0.0001227797614892,0.017,91/149,21.55%,TMEM100;VWA5A;EMP1;ADGRL4;RABGAP1L;PLVAP;ADAMDEC1;SPARCL1;CMKLR1;TMEM176A;TMEM176B;MPZL2;G0S2;C3AR1;MMP11;PLAUR;TSPAN13;ITGBL1;LAPTM5;MMD;GLRX;MMP10;RETN;PRRX1;HKDC1;CIDEA;CLEC4A;SLPI;IGFBP3;FCER1G;ADAM8;RBP4;SPON1;PTPRR;PRKG2;LCP1;CFH;TRIB1;DUSP6;CCL20;ERO1A;F13A1;TOR1AIP2;TSPAN1;ARG1;LIF;IRF8;MAFB;ANXA10;AKAP12;GFPT2;PPBP;FUCA1;IL1RL2;PLEK2;TNFRSF1B;TSPAN7;ANGPTL4;ETS1;CBL;ALDH1A3;IL7R;TNFAIP3;F2RL1;ADGRA2;SATB1;FGF9;ETV1;TRAF1;PECAM1;APOD;LAT2;BTC;JUP;CPE;BTBD3;IKZF1;SOX9;GYPC;DOCK2;DNMBP;BMP2;ETV5;ID2;RELN;CCSER2;PRELID3B;ETV4;SERPINA3;ZNF277;GNG11,0.0001227797614892,2.0757273022671696,MSigDB_Hallmark_2020,positive,2.0757273022671696,1,MSigDB_Hallmark_2020::KRAS Signaling Up,0.0004997501249375312,raw q retained
prerank,MSigDB_Hallmark_2020::Apoptosis,0.5680465070559151,2.0138335108689267,0.0,0.0004432003797659,0.078,51/103,20.82%,GPX1;EMP1;LUM;DCN;TIMP3;IGFBP6;IER3;RNASEL;BIK;TGFBR3;GPX3;BGN;IFITM3;TNFSF10;PRF1;JUN;GSTM1;ISG20;IGF2R;PPT1;PMAIP1;EGR3;PAK1;DAP;TAP1;HMOX1;NEDD9;ATF3;BCL2L11;CAV1;CTH;BMF;SAT1;ANXA1;GCH1;BID;PDCD4;FAS;ADD1;DNAJC3;SATB1;SPTAN1;TIMP2;TIMP1;CD69;GSN;SOD2;BCL10;CDKN1A;BMP2;XIAP,0.0004432003797659,2.0138335108689267,MSigDB_Hallmark_2020,positive,2.0138335108689267,1,MSigDB_Hallmark_2020::Apoptosis,0.0004997501249375312,raw q retained
prerank,MSigDB_Hallmark_2020::p53 Pathway,0.5275648531902732,1.9713899979632523,0.0,0.0009116189892332,0.172,89/172,22.60%,VWA5A;FAM162A;PHLDA3;LDHB;TM7SF3;IFI30;DRAM1;GM2A;TCHH;IER3;S100A4;RPS12;KLK8;RRAD;TM4SF1;TNNI1;GPX2;JUN;NUPR1;CTSF;NINJ1;CYFIP2;BAIAP2;RHBDF2;FOXO3;ALOX15B;STOM;SLC19A2;TAP1;HMOX1;EPS8L2;BTG1;RPL36;LIF;CD82;ATF3;RPL18;RAP2B;ZFP36L1;IER5;GLS2;FUCA1;SERPINB5;SAT1;SPHK1;DEF6;FAS;FGF13;PLK2;CTSD;SLC3A2;SLC35D1;CEBPA;MXD1;ZMAT3;PROCR;SESN1;TRIAP1;BLCAP;RNF19B;FOS;PLXNB2;MAPKAPK3;PTPRE;PRMT2;STEAP3;S100A10;TRIB3;BAK1;SOCS1;SFN;INHBB;APAF1;CDK5R1;TCN2;EI24;CDKN1A;BMP2;RPS27L;PLK3;SERTAD3;PVT1;FBXW7;PITPNC1;UPP1;PTPN14;DDIT4;JAG2;KLF4,0.0009116189892332,1.9713899979632523,MSigDB_Hallmark_2020,positive,1.9713899979632523,1,MSigDB_Hallmark_2020::p53 Pathway,0.0009116189892332,raw q retained
prerank,MSigDB_Hallmark_2020::Reactive Oxygen Species Pathway,0.6504542406742175,1.964355014685582,0.0,0.0010363753737416,0.1915,28/36,27.60%,GLRX;GPX3;SBNO2;MSRA;PDLIM1;PFKP;FTL;MGST1;IPCEF1;LSP1;ATOX1;SOD2;PRDX2;PRDX1;G6PD;PRDX4;GCLM;HMOX2;ERCC2;TXNRD2;OXSR1;FES;CAT;LAMTOR5;PRNP;GPX4;JUNB;GCLC,0.0010363753737416,1.964355014685582,MSigDB_Hallmark_2020,positive,1.964355014685582,1,MSigDB_Hallmark_2020::Reactive Oxygen Species Pathway,0.0010363753737416,raw q retained
prerank,MSigDB_Hallmark_2020::TGF-beta Signaling,0.6061080646357657,1.8679653804734997,0.0020311442112389,0.0040046621545516,0.676,29/41,27.66%,ID3;LTBP2;KLF10;THBS1;SMAD6;ID1;SMAD3;RAB31;WWTR1;FURIN;CDH1;RHOA;PPP1CA;TJP1;BMP2;ID2;XIAP;SMAD1;NCOR2;SKIL;PMEPA1;SKI;NOG;SPTBN1;PPP1R15A;SMURF2;TGIF1;JUNB;LEFTY2,0.0040046621545516,1.8679653804734997,MSigDB_Hallmark_2020,positive,1.8679653804734997,1,MSigDB_Hallmark_2020::TGF-beta Signaling,0.0040046621545516,raw q retained
prerank,MSigDB_Hallmark_2020::Spermatogenesis,-0.4242373123082852,-1.92287144436348,0.0,0.0062643648564841,0.7175,35/101,11.09%,NCAPH;YBX2;SCG3;PCSK1N;ACRV1;DBF4;TCP11;ZPBP;GRM8;SCG5;PACRG;TOPBP1;CDKN3;RAD17;ODF1;CNIH2;ART3;TEKT2;KIF2C;SLC12A2;SPATA6;CHFR;GMCL1;MAST2;IFT88;DDX25;CCNB2;ZC3H14;MLF1;RPL39L;PSMG1;RFC4;MAP7;NEK2;NEFH,0.0062643648564841,-1.92287144436348,MSigDB_Hallmark_2020,negative,1.92287144436348,1,MSigDB_Hallmark_2020::Spermatogenesis,0.0062643648564841,raw q retained
prerank,MSigDB_Hallmark_2020::Protein Secretion,0.5161724575807258,1.8028045081915196,0.0,0.0083263682867571,0.956,57/87,29.96%,ATP6V1B1;ATP6V1H;PAM;TMED10;IGF2R;TMX1;PPT1;CLN5;ICA1;SNAP23;GLA;M6PR;SNX2;TOM1L1;TSPAN8;TMED2;LMAN1;CLTC;AP2B1;AP2S1;ATP7A;SEC24D;GNAS;SCAMP3;SEC22B;VAMP3;SH3GL2;RAB5A;ADAM10;COPB1;ARFGEF1;NAPA;SSPN;ARFGAP3;LAMP2;SEC31A;RAB9A;VAMP7;VPS4B;RAB14;SCRN1;STX16;CLCN3;CD63;ARCN1;CAV2;RER1;BNIP3;ERGIC3;BET1;AP3S1;STX12;GALC;ARFIP1;AP3B1;VPS45;ARF1,0.0083263682867571,1.8028045081915196,MSigDB_Hallmark_2020,positive,1.8028045081915196,1,MSigDB_Hallmark_2020::Protein Secretion,0.0083263682867571,raw q retained
prerank,MSigDB_Hallmark_2020::UV Response Dn,0.5065086368997045,1.7921882903047852,0.0005797101449275,0.0093595058214516,0.97,43/99,18.22%,EFEMP1;FBLN5;ANXA4;IGFBP5;CAP2;VAV2;NFIB;LTBP1;TGFBR3;SDC2;MMP16;RND3;HAS2;VLDLR;FHL2;SNAI2;LDLR;ID1;PDLIM5;PTPRM;SMAD3;GJA1;ICA1;CAV1;AMPH;KALRN;ADGRL2;MYC;MT1E;PTGFR;PTEN;RGS4;BDNF;TGFBR2;AGGF1;DLC1;GRK5;DUSP1;DAB2;CELF2;PIAS3;MIOS;RUNX1,0.0093595058214516,1.7921882903047852,MSigDB_Hallmark_2020,positive,1.7921882903047852,1,MSigDB_Hallmark_2020::UV Response Dn,0.0093595058214516,raw q retained
prerank,MSigDB_Hallmark_2020::DNA Repair,-0.3827168383369332,-1.781356926610096,0.0,0.0197708402858998,0.989,51/127,19.84%,RFC2;RPA3;POLL;ERCC4;NELFB;POLR3C;ERCC5;RPA2;LIG1;TARBP2;POM121;GTF2H3;ERCC8;TAF13;GTF2H1;POLR2C;POLH;CCNO;NELFCD;POLE4;POLR1C;AAAS;ERCC3;SSRP1;RFC4;SNAPC4;GTF3C5;DGCR8;XPC;NUDT9;RFC5;GTF2H5;RFC3;FEN1;RAD52;NELFE;GTF2F1;NUDT21;CSTF3;AGO4;DDB2;MPG;BRF2;USP11;CANT1;CETN2;ZNRD1;ZWINT;DUT;PCNA;NME3,0.0197708402858998,-1.781356926610096,MSigDB_Hallmark_2020,negative,1.781356926610096,1,MSigDB_Hallmark_2020::DNA Repair,0.0197708402858998,raw q retained
prerank,MSigDB_Hallmark_2020::Apical Junction,0.4569949511749361,1.698889382833744,0.0,0.0227065593105374,1.0,75/163,19.91%,AMIGO2;TSPAN4;ACTG2;MPZL2;MYH10;ACTC1;ADAMTS5;VCL;EVL;VAV2;PARVA;CLDN5;THY1;VCAN;BMP1;TGFBI;FBN1;CD209;NEXN;COL9A1;ARHGEF6;COL16A1;RSU1;CERCAM;BAIAP2;VCAM1;SHC1;RRAS;ALOX15B;SLC30A3;ACTA1;ZYX;CD34;TNFRSF11B;MYL9;MADCAM1;THBS3;MYH9;ICAM2;RAC2;SDC3;MAPK13;COL17A1;RHOF;SLIT2;ACTN3;CTNND1;PTEN;ICAM5;ITGA9;SKAP2;GNAI1;SIRPA;ACTN4;CDH1;TRAF1;PECAM1;CALB2;PLCG1;CDSN;TAOK2;ACTN1;CNN2;JUP;ATP1A3;ITGA3;NEGR1;GRB7;CAP1;YWHAH;MAP4K2;ITGA10;WASL;LIMA1;TJP1,0.0227065593105374,1.698889382833744,MSigDB_Hallmark_2020,positive,1.698889382833744,1,MSigDB_Hallmark_2020::Apical Junction,0.0227065593105374,raw q retained
prerank,MSigDB_Hallmark_2020::Adipogenesis,0.4478789279796778,1.6823417465898391,0.0,0.0263904126882634,1.0,75/165,25.09%,DHRS7;ITIH5;JAGN1;SPARCL1;SNCG;LTC4S;DRAM2;DDT;OMD;CD302;REEP6;UQCR10;UQCRQ;CYC1;UQCR11;ADIPOQ;LPL;RETN;RAB34;UQCRC1;SOWAHC;GPX3;CIDEA;FABP4;SORBS1;LEP;ORM1;STOM;PLIN2;CD151;CD36;PFKFB3;HSPB8;ANGPTL4;PFKL;ESYT1;PDCD4;ITSN1;ACADL;STAT5A;COX6A1;ATL2;PPP1R15B;COX7B;PRDX3;LIFR;SDHB;CMBL;APOE;SLC25A10;RMDN3;DHRS7B;MYLK;NMT1;NKIRAS1;RTN3;SCARB1;APLP2;G3BP2;TALDO1;NABP1;POR;ALDOA;ITGA7;DNAJB9;UCP2;MDH2;SDHC;PGM1;IDH3A;DLD;TANK;SSPN;ARL4A;GHITM,0.0263904126882634,1.6823417465898391,MSigDB_Hallmark_2020,positive,1.6823417465898391,1,MSigDB_Hallmark_2020::Adipogenesis,0.0263904126882634,raw q retained
prerank,MSigDB_Hallmark_2020::Oxidative Phosphorylation,0.4409488933602957,1.6432065421197892,0.0,0.0357160259428394,1.0,70/150,27.59%,NQO2;MDH1;LDHB;UQCR10;UQCRFS1;UQCRQ;NDUFA4;MPC1;COX5A;CYC1;UQCR11;TCIRG1;UQCRC2;UQCRC1;UQCRH;ATP6V1H;COX17;UQCRB;ATP6V1D;GPI;ATP6V1C1;ATP6V1F;ATP6V1E1;COX5B;COX7C;HSPA9;COX4I1;ATP6V0E1;SURF1;CYCS;COX6C;COX6B1;COX6A1;SDHD;ATP6AP1;COX7B;PRDX3;FDX1;SDHB;SLC25A11;TOMM22;ATP6V0C;ATP6V0B;ATP6V1G1;TIMM17A;MRPL34;POR;ETFA;PHB2;TIMM8B;MDH2;HCCS;SDHC;FXN;MTRR;IDH3A;DLD;SUCLG1;BAX;TIMM13;SDHA;COX7A2;GLUD1;ACADSB;VDAC3;VDAC2;VDAC1;SLC25A4;GPX4;BCKDHA,0.0357160259428394,1.6432065421197892,MSigDB_Hallmark_2020,positive,1.6432065421197892,1,MSigDB_Hallmark_2020::Oxidative Phosphorylation,0.0357160259428394,raw q retained
prerank,MSigDB_Hallmark_2020::heme Metabolism,0.4384346310360437,1.6345261183646678,0.0,0.0378286200923499,1.0,91/177,26.74%,TMEM9B;NUDT4;SIDT2;CTSE;SEC14L1;LRP10;IGSF3;VEZF1;BACH1;HEBP1;ADD2;ACKR1;BCAM;P4HA2;DMTN;TAL1;ANK1;HBZ;GATA1;CLIC2;LMO2;FOXO3;MYL4;ACP5;RHCE;SLC6A9;SLC4A1;NARF;CAST;SMOX;BMP2K;CTSB;GYPB;CCDC28A;SLC11A2;FBXO34;BLVRB;ATP6V0A1;MOSPD1;ADD1;SPTB;UBAC1;DAAM1;TNS1;MKRN1;AHSP;SPTA1;KLF3;MAP2K3;EPB41;ARL2BP;NFE2;USP15;ACSL6;MPP1;GYPC;BLVRA;RAP1GAP;HBQ1;PRDX2;SDCBP;ALDH1L1;EPB42;NFE2L1;KDM7A;GCLM;ABCG2;ALAS2;YPEL5;AQP3;UCP2;PICALM;PSMD9;NCOA4;ICAM4;ARHGEF12;RNF123;FBXO7;BNIP3L;BPGM;HTATIP2;TMCC2;SELENBP1;HBD;SLC7A11;LAMP2;ASNS;SLC2A1;MOCOS;RBM38;CAT,0.0378286200923499,1.6345261183646678,MSigDB_Hallmark_2020,positive,1.6345261183646678,1,MSigDB_Hallmark_2020::heme Metabolism,0.0378286200923499,raw q retained
prerank,MSigDB_Hallmark_2020::PI3K/AKT/mTOR  Signaling,0.4881075913475245,1.6245100053196462,0.0080197409006785,0.0404619790082445,1.0,42/67,29.96%,MAP2K6;EIF4E;FGF17;NCK1;PTEN;MYD88;RALB;VAV3;PLCG1;ACTR2;MAP2K3;SLA;TBK1;UBE2N;TRIB3;PPP1CA;SFN;CFL1;CLTC;TRAF2;GNGT1;CAMK4;CDKN1A;GNA14;NOD1;IRAK4;SQSTM1;ATF1;TSC2;DAPP1;ACTR3;SMAD2;DDIT3;STAT2;SLC2A1;ARPC3;CAB39L;NFKBIB;HSP90B1;PIN1;MAPKAP1;ARF1,0.0404619790082445,1.6245100053196462,MSigDB_Hallmark_2020,positive,1.6245100053196462,1,MSigDB_Hallmark_2020::PI3K/AKT/mTOR  Signaling,0.0404619790082445,raw q retained
prerank,MSigDB_Hallmark_2020::UV Response Up,0.4484971765956504,1.6203358450946854,0.0022396416573348,0.0415028326909952,1.0,65/125,26.00%,AMD1;GRINA;CREG1;TCHH;C4BPB;CYP1A1;RRAD;IGFBP2;CTSV;GPX3;PPIF;HYAL2;APOM;MGAT1;STARD3;PPT1;ATP6V1C1;TAP1;HMOX1;CCK;PDLIM3;BTG1;ATF3;BCL2L11;RAB27A;ATP6V1F;NKX2-5;CEBPG;GCH1;BID;ARRB2;CXCL2;RPN1;FURIN;EIF5;MSX1;FOS;RASGRP1;CDO1;EIF2S3;DLG4;BAK1;MRPL23;SOD2;DNAJB1;BMP2;HTR7;AP2S1;FGF18;MAPK8IP2;NR4A1;ALDOA;HNRNPU;AQP3;MARK2;PPP1R2;SQSTM1;TMBIM6;FOSB;FMO1;EPHX1;RHOB;CYB5B;LHX2;ASNS,0.0415028326909952,1.6203358450946854,MSigDB_Hallmark_2020,positive,1.6203358450946854,1,MSigDB_Hallmark_2020::UV Response Up,0.0415028326909952,raw q retained
