Node_ID,Gene_Symbol,Prediction_Score_Mean,STRING_Degree,Removal_Reason
20036,RPS18,0.9653174,356,top-5%-STRING-degree;ribosomal-or-mitochondrial-structural
20031,RPS14,0.9617791,318,top-5%-STRING-degree;ribosomal-or-mitochondrial-structural
19961,RPL13,0.9594511,240,top-5%-STRING-degree;ribosomal-or-mitochondrial-structural
20029,RPS12,0.9586731,249,top-5%-STRING-degree;ribosomal-or-mitochondrial-structural
19979,RPL27A,0.95776737,212,top-5%-STRING-degree;ribosomal-or-mitochondrial-structural
19983,RPL30,0.9561244,251,top-5%-STRING-degree;ribosomal-or-mitochondrial-structural
19984,RPL31,0.9535993,250,top-5%-STRING-degree;ribosomal-or-mitochondrial-structural
19968,RPL18A,0.9532197,250,top-5%-STRING-degree;ribosomal-or-mitochondrial-structural
20052,RPS3A,0.95283353,297,top-5%-STRING-degree;ribosomal-or-mitochondrial-structural
20035,RPS17,0.95237195,267,top-5%-STRING-degree;ribosomal-or-mitochondrial-structural
19996,RPL39,0.94899046,186,top-5%-STRING-degree;ribosomal-or-mitochondrial-structural
19967,RPL18,0.9464587,252,top-5%-STRING-degree;ribosomal-or-mitochondrial-structural
20000,RPL41,0.9460864,68,top-5%-STRING-degree;ribosomal-or-mitochondrial-structural
20007,RPL9,0.9459861,287,top-5%-STRING-degree;ribosomal-or-mitochondrial-structural
19976,RPL26,0.94420373,261,top-5%-STRING-degree;ribosomal-or-mitochondrial-structural
19981,RPL29,0.94323903,203,top-5%-STRING-degree;ribosomal-or-mitochondrial-structural
19970,RPL21,0.9425334,242,top-5%-STRING-degree;ribosomal-or-mitochondrial-structural
19974,RPL23A,0.9422461,309,top-5%-STRING-degree;ribosomal-or-mitochondrial-structural
5746,DCN,0.941271,78,top-5%-STRING-degree
19986,RPL34,0.94125384,230,top-5%-STRING-degree;ribosomal-or-mitochondrial-structural
19989,RPL35A,0.94066846,234,top-5%-STRING-degree;ribosomal-or-mitochondrial-structural
19978,RPL27,0.9400846,229,top-5%-STRING-degree;ribosomal-or-mitochondrial-structural
20042,RPS23,0.9396659,327,top-5%-STRING-degree;ribosomal-or-mitochondrial-structural
12362,MT-CO3,0.9382607,105,top-5%-STRING-degree;ribosomal-or-mitochondrial-structural
19988,RPL35,0.9368291,275,top-5%-STRING-degree;ribosomal-or-mitochondrial-structural
19973,RPL23,0.93440837,312,top-5%-STRING-degree;ribosomal-or-mitochondrial-structural
12360,MT-CO1,0.93432015,114,top-5%-STRING-degree;ribosomal-or-mitochondrial-structural
4532,COX7A1,0.9330281,80,top-5%-STRING-degree
19964,RPL15,0.93291616,246,top-5%-STRING-degree;ribosomal-or-mitochondrial-structural
20010,RPLP2,0.93084335,145,top-5%-STRING-degree
3665,CD8A,0.9298938,251,top-5%-STRING-degree
4528,COX6A2,0.9253396,83,top-5%-STRING-degree
19963,RPL14,0.924503,225,top-5%-STRING-degree;ribosomal-or-mitochondrial-structural
12773,NDUFA4,0.9229603,88,top-5%-STRING-degree
20003,RPL7,0.9211712,266,top-5%-STRING-degree;ribosomal-or-mitochondrial-structural
8313,GPX6,0.9203418,73,top-5%-STRING-degree
4524,COX4I2,0.9199344,66,top-5%-STRING-degree
3609,CD247,0.9191014,87,top-5%-STRING-degree
23626,UBA52,0.9186193,433,top-5%-STRING-degree
24419,ZAP70,0.918338,87,top-5%-STRING-degree
23834,UQCRQ,0.9179595,105,top-5%-STRING-degree
15278,RAC3,0.9172184,107,top-5%-STRING-degree
12358,MT-ATP6,0.91668594,91,top-5%-STRING-degree;ribosomal-or-mitochondrial-structural
12361,MT-CO2,0.91553247,106,top-5%-STRING-degree;ribosomal-or-mitochondrial-structural
19957,RPL10A,0.9153932,215,top-5%-STRING-degree;ribosomal-or-mitochondrial-structural
9668,ITGAX,0.9126908,120,top-5%-STRING-degree
20030,RPS13,0.91156006,313,top-5%-STRING-degree;ribosomal-or-mitochondrial-structural
14749,PRF1,0.91064703,75,top-5%-STRING-degree
3626,CD34,0.9072544,123,top-5%-STRING-degree
5589,CYC1,0.9063759,132,top-5%-STRING-degree
3181,CALML3,0.90514964,233,top-5%-STRING-degree
8312,GPX5,0.90502846,73,top-5%-STRING-degree
23829,UQCRC1,0.9037244,108,top-5%-STRING-degree
9762,JUN,0.90323365,241,top-5%-STRING-degree
3184,CALML5,0.9025086,234,top-5%-STRING-degree
23826,UQCR10,0.9019893,112,top-5%-STRING-degree
23831,UQCRFS1,0.9014532,132,top-5%-STRING-degree
19980,RPL28,0.900574,199,top-5%-STRING-degree;ribosomal-or-mitochondrial-structural
10214,KLRD1,0.90047455,70,top-5%-STRING-degree
8315,GPX8,0.9003895,75,top-5%-STRING-degree
6407,EEF1A1,0.90037096,161,top-5%-STRING-degree
3564,CCR7,0.8991996,138,top-5%-STRING-degree
20040,RPS20,0.89821184,288,top-5%-STRING-degree;ribosomal-or-mitochondrial-structural
10231,KNG1,0.8978373,86,top-5%-STRING-degree
5552,CXCL9,0.89666873,97,top-5%-STRING-degree
3519,CCL5,0.89340276,147,top-5%-STRING-degree
23962,VCAM1,0.8928846,92,top-5%-STRING-degree
15146,PXN,0.89088666,94,top-5%-STRING-degree
4694,CSF3,0.8905495,135,top-5%-STRING-degree
24096,WAS,0.88912505,102,top-5%-STRING-degree
23830,UQCRC2,0.8881482,116,top-5%-STRING-degree
4525,COX5A,0.88722247,111,top-5%-STRING-degree
3185,CALML6,0.8868686,221,top-5%-STRING-degree
22441,THBS1,0.88610125,88,top-5%-STRING-degree
9081,HSPG2,0.88538563,73,top-5%-STRING-degree
10219,KLRK1,0.8847955,78,top-5%-STRING-degree
8310,GPX3,0.88423586,75,top-5%-STRING-degree
12501,MYC,0.88310945,324,top-5%-STRING-degree
5587,CYBB,0.88238275,65,top-5%-STRING-degree
9442,IL2,0.88124067,187,top-5%-STRING-degree
10492,LEP,0.87968314,108,top-5%-STRING-degree
9653,ITGA11,0.87829864,69,top-5%-STRING-degree
3507,CCL21,0.8774101,66,top-5%-STRING-degree
23965,VCL,0.87633216,110,top-5%-STRING-degree
8110,GNB3,0.87615144,110,top-5%-STRING-degree
9656,ITGA3,0.8761401,78,top-5%-STRING-degree
8314,GPX7,0.8756588,78,top-5%-STRING-degree
21805,STAT4,0.87561095,81,top-5%-STRING-degree
5539,CXCL1,0.8752106,92,top-5%-STRING-degree
19975,RPL24,0.87430966,210,top-5%-STRING-degree;ribosomal-or-mitochondrial-structural
3508,CCL22,0.8742997,67,top-5%-STRING-degree
7613,FOXP3,0.87429273,112,top-5%-STRING-degree
3183,CALML4,0.87415904,225,top-5%-STRING-degree
5543,CXCL13,0.87284815,70,top-5%-STRING-degree
19990,RPL36,0.87274396,232,top-5%-STRING-degree;ribosomal-or-mitochondrial-structural
20162,RUNX2,0.8726015,118,top-5%-STRING-degree
3504,CCL19,0.8724101,69,top-5%-STRING-degree
5616,CYP2B6,0.87093747,70,top-5%-STRING-degree
6640,ENPP1,0.8708211,130,top-5%-STRING-degree
3310,CAV3,0.87080896,65,top-5%-STRING-degree
8434,GSTM1,0.87045205,66,top-5%-STRING-degree
6451,EGF,0.87041175,217,top-5%-STRING-degree
12621,NACA,0.87000895,83,top-5%-STRING-degree
15141,PXDN,0.86991704,66,top-5%-STRING-degree
13584,PABPC1,0.8678827,156,top-5%-STRING-degree
12825,NEDD4,0.8675278,70,top-5%-STRING-degree
8618,HCLS1,0.86721003,89,top-5%-STRING-degree
6409,EEF1B2,0.8671564,138,top-5%-STRING-degree
23641,UBB,0.8670157,248,top-5%-STRING-degree
23596,TYROBP,0.8666458,100,top-5%-STRING-degree
7336,FCER1G,0.8664956,73,top-5%-STRING-degree
9661,ITGA8,0.8659676,72,top-5%-STRING-degree
8119,GNG2,0.86583483,181,top-5%-STRING-degree
5829,DDX58,0.86578304,129,top-5%-STRING-degree
9065,HSPA5,0.86572313,160,top-5%-STRING-degree
3627,CD36,0.8641836,105,top-5%-STRING-degree
7345,FCGR3B,0.8639332,109,top-5%-STRING-degree
5537,CX3CR1,0.86302674,89,top-5%-STRING-degree
8727,HIF1A,0.86171895,183,top-5%-STRING-degree
12510,MYD88,0.8597132,130,top-5%-STRING-degree
21211,SMAD3,0.85920143,190,top-5%-STRING-degree
14793,PRKG1,0.85779226,66,top-5%-STRING-degree
23827,UQCR11,0.85759556,86,top-5%-STRING-degree
8309,GPX2,0.85585845,75,top-5%-STRING-degree
20004,RPL7A,0.8537574,244,top-5%-STRING-degree;ribosomal-or-mitochondrial-structural
8985,HPGDS,0.8534608,71,top-5%-STRING-degree
24073,VTN,0.8529506,99,top-5%-STRING-degree
8513,GZMB,0.8515366,100,top-5%-STRING-degree
4654,CRP,0.8510585,97,top-5%-STRING-degree
5590,CYCS,0.8508543,166,top-5%-STRING-degree
3214,CANX,0.8505176,96,top-5%-STRING-degree
8891,HNRNPA1,0.84982884,136,top-5%-STRING-degree
15022,PTEN,0.8489739,230,top-5%-STRING-degree
15277,RAC2,0.8481674,131,top-5%-STRING-degree
11247,LPL,0.8476837,77,top-5%-STRING-degree
12363,MT-CYB,0.8468975,102,top-5%-STRING-degree;ribosomal-or-mitochondrial-structural
1454,ANK1,0.8465603,77,top-5%-STRING-degree
15078,PTPN6,0.8457716,81,top-5%-STRING-degree
20041,RPS21,0.8452284,230,top-5%-STRING-degree;ribosomal-or-mitochondrial-structural
24364,YAP1,0.84463465,98,top-5%-STRING-degree
9651,ITGA1,0.84449446,76,top-5%-STRING-degree
20696,SHC1,0.84377307,138,top-5%-STRING-degree
5600,CYP1A1,0.8428278,88,top-5%-STRING-degree
5541,CXCL11,0.8425625,71,top-5%-STRING-degree
3308,CAV1,0.8416983,140,top-5%-STRING-degree
7422,FGF8,0.8416048,79,top-5%-STRING-degree
10453,LCP2,0.8412361,73,top-5%-STRING-degree
5557,CXCR5,0.8412169,94,top-5%-STRING-degree
7421,FGF7,0.83986795,69,top-5%-STRING-degree
9481,IL7,0.83969176,98,top-5%-STRING-degree
12741,NCR1,0.83906585,72,top-5%-STRING-degree
20070,RPS9,0.8383787,353,top-5%-STRING-degree;ribosomal-or-mitochondrial-structural
3565,CCR8,0.8381917,67,top-5%-STRING-degree
9614,IRF7,0.8381697,93,top-5%-STRING-degree
22218,TBX21,0.8380559,82,top-5%-STRING-degree
3502,CCL17,0.8379282,66,top-5%-STRING-degree
19994,RPL37A,0.837527,214,top-5%-STRING-degree;ribosomal-or-mitochondrial-structural
9660,ITGA7,0.8374287,65,top-5%-STRING-degree
9659,ITGA6,0.83703244,79,top-5%-STRING-degree
11624,MAPK12,0.83664495,103,top-5%-STRING-degree
20397,SDHB,0.83647335,116,top-5%-STRING-degree
9177,IFIH1,0.8360934,105,top-5%-STRING-degree
3563,CCR6,0.83462924,93,top-5%-STRING-degree
21558,SPI1,0.83401155,67,top-5%-STRING-degree
14298,PLCG2,0.8324334,140,top-5%-STRING-degree
5505,CTTN,0.8322462,84,top-5%-STRING-degree
9341,IGLL5,0.8304294,65,top-5%-STRING-degree
9679,ITGB7,0.83009636,72,top-5%-STRING-degree
7404,FGF10,0.8288461,65,top-5%-STRING-degree
8092,GNA13,0.8274913,90,top-5%-STRING-degree
13960,PECAM1,0.8271392,107,top-5%-STRING-degree
7997,GJA1,0.82703435,72,top-5%-STRING-degree
6521,EIF4E,0.8259347,125,top-5%-STRING-degree
1574,AOX1,0.8258518,75,top-5%-STRING-degree
23971,VDAC1,0.82528293,119,top-5%-STRING-degree
24103,WASL,0.8249596,102,top-5%-STRING-degree
21455,SOX2,0.824082,136,top-5%-STRING-degree
15650,RHOA,0.82366407,274,top-5%-STRING-degree
22555,TLN2,0.82276106,78,top-5%-STRING-degree
7413,FGF17,0.82168883,66,top-5%-STRING-degree
23832,UQCRH,0.82102394,86,top-5%-STRING-degree
2472,BMP4,0.82012874,72,top-5%-STRING-degree
20050,RPS29,0.81967103,254,top-5%-STRING-degree;ribosomal-or-mitochondrial-structural
5619,CYP2C9,0.8187782,76,top-5%-STRING-degree
20399,SDHD,0.8187016,70,top-5%-STRING-degree
10477,LEF1,0.81822026,81,top-5%-STRING-degree
2469,BMP2,0.8171611,77,top-5%-STRING-degree
13999,PF4,0.816912,68,top-5%-STRING-degree
9676,ITGB4,0.81636345,90,top-5%-STRING-degree
7608,FOXO3,0.81624174,119,top-5%-STRING-degree
8097,GNAI3,0.81459314,149,top-5%-STRING-degree
2396,BDNF,0.81444585,127,top-5%-STRING-degree
23828,UQCRB,0.81440413,105,top-5%-STRING-degree
8821,HLA-A,0.81372356,81,top-5%-STRING-degree
23955,VAV1,0.8137042,85,top-5%-STRING-degree
8095,GNAI1,0.8135721,181,top-5%-STRING-degree
5614,CYP2A6,0.8132326,72,top-5%-STRING-degree
20083,RRAS,0.81286556,73,top-5%-STRING-degree
7607,FOXO1,0.81101036,146,top-5%-STRING-degree
20160,RUNX1,0.8108382,133,top-5%-STRING-degree
20398,SDHC,0.8105561,84,top-5%-STRING-degree
3650,CD68,0.8103733,77,top-5%-STRING-degree
3560,CCR3,0.8088831,82,top-5%-STRING-degree
929,ACTN1,0.8087343,67,top-5%-STRING-degree
12482,MX1,0.80865633,66,top-5%-STRING-degree
22199,TBK1,0.80864507,102,top-5%-STRING-degree
5555,CXCR3,0.8084426,98,top-5%-STRING-degree
5558,CXCR6,0.8080289,72,top-5%-STRING-degree
2246,B2M,0.8063884,97,top-5%-STRING-degree
7423,FGF9,0.8061164,65,top-5%-STRING-degree
1323,ALB,0.8061129,217,top-5%-STRING-degree
4526,COX5B,0.80518425,110,top-5%-STRING-degree
7565,FOS,0.80502117,165,top-5%-STRING-degree
14570,PPARGC1A,0.8049836,155,top-5%-STRING-degree
14555,POU5F1,0.80445206,105,top-5%-STRING-degree
7880,GCG,0.80351985,86,top-5%-STRING-degree
919,ACTB,0.8020366,385,top-5%-STRING-degree
3726,CDH2,0.8013827,88,top-5%-STRING-degree
23509,TTN,0.8009003,84,top-5%-STRING-degree
5601,CYP1A2,0.7991995,76,top-5%-STRING-degree
3180,CALM3,0.7987086,270,top-5%-STRING-degree
20797,SKP1,0.79867446,177,top-5%-STRING-degree
13314,NUP214,0.7965931,68,top-5%-STRING-degree
23647,UBE2D1,0.79623586,121,top-5%-STRING-degree
13381,OCLN,0.7948565,77,top-5%-STRING-degree
3651,CD69,0.79470074,71,top-5%-STRING-degree
12721,NCK1,0.7939593,97,top-5%-STRING-degree
3716,CDH1,0.79321826,241,top-5%-STRING-degree
21643,SQSTM1,0.7931186,143,top-5%-STRING-degree
21314,SNAP23,0.792998,66,top-5%-STRING-degree
1963,ARRB2,0.7919429,131,top-5%-STRING-degree
3819,CEBPA,0.7915355,78,top-5%-STRING-degree
8106,GNB1,0.7906806,232,top-5%-STRING-degree
9704,ITPR3,0.7904259,78,top-5%-STRING-degree
21806,STAT5A,0.7900266,128,top-5%-STRING-degree
20026,RPS10,0.78998744,211,top-5%-STRING-degree;ribosomal-or-mitochondrial-structural
12899,NFKBIA,0.7894398,132,top-5%-STRING-degree
3821,CEBPB,0.78869385,90,top-5%-STRING-degree
4537,COX7C,0.7880863,104,top-5%-STRING-degree
12643,NANOG,0.7867188,100,top-5%-STRING-degree
14952,PSMB2,0.7861946,71,top-5%-STRING-degree
1027,ADCY8,0.7860725,77,top-5%-STRING-degree
9708,ITSN1,0.78505325,66,top-5%-STRING-degree
21802,STAT1,0.7844217,251,top-5%-STRING-degree
12729,NCL,0.7842912,92,top-5%-STRING-degree
23101,TRAF2,0.78410226,114,top-5%-STRING-degree
20435,SEC61B,0.7832234,142,top-5%-STRING-degree
916,ACTA1,0.7830029,79,top-5%-STRING-degree
3506,CCL20,0.78299814,74,top-5%-STRING-degree
4642,CRK,0.78237116,108,top-5%-STRING-degree
4535,COX7B,0.7823569,78,top-5%-STRING-degree
6488,EIF2AK2,0.7817375,89,top-5%-STRING-degree
8100,GNAQ,0.7815235,206,top-5%-STRING-degree
9068,HSPA9,0.7805572,146,top-5%-STRING-degree
24276,XBP1,0.7804516,176,top-5%-STRING-degree
12734,NCOA3,0.779866,73,top-5%-STRING-degree
7842,GATA3,0.77986586,84,top-5%-STRING-degree
7767,GAD1,0.77962244,72,top-5%-STRING-degree
21807,STAT5B,0.77907526,111,top-5%-STRING-degree
4295,CLTC,0.77891576,110,top-5%-STRING-degree
14942,PSMA2,0.7788811,78,top-5%-STRING-degree
3193,CAMK2A,0.77723277,106,top-5%-STRING-degree
8098,GNAL,0.7771196,66,top-5%-STRING-degree
6410,EEF1D,0.7770282,91,top-5%-STRING-degree
9462,IL3,0.7768005,84,top-5%-STRING-degree
14296,PLCG1,0.7761675,168,top-5%-STRING-degree
23109,TRAF6,0.77537477,193,top-5%-STRING-degree
4529,COX6B1,0.7751068,92,top-5%-STRING-degree
9482,IL7R,0.77507293,109,top-5%-STRING-degree
9079,HSPD1,0.77459145,72,top-5%-STRING-degree
21210,SMAD2,0.7743324,136,top-5%-STRING-degree
1734,APOA1,0.77364147,92,top-5%-STRING-degree
8112,GNB5,0.7735066,121,top-5%-STRING-degree
11625,MAPK13,0.77349406,95,top-5%-STRING-degree
20436,SEC61G,0.77334285,118,top-5%-STRING-degree
4314,CMPK2,0.7730241,67,top-5%-STRING-degree
4612,CREB1,0.77259904,161,top-5%-STRING-degree
4531,COX6C,0.7713707,77,top-5%-STRING-degree
22554,TLN1,0.77109593,99,top-5%-STRING-degree
21733,SST,0.7704041,81,top-5%-STRING-degree
3779,CDKN1A,0.77009016,131,top-5%-STRING-degree
23087,TPT1,0.7699159,114,top-5%-STRING-degree
21803,STAT2,0.7698498,83,top-5%-STRING-degree
14617,PPP1CA,0.7697517,127,top-5%-STRING-degree
5516,CUL1,0.76961744,176,top-5%-STRING-degree
11367,LRRK2,0.76949435,78,top-5%-STRING-degree
8111,GNB4,0.76916814,91,top-5%-STRING-degree
20348,SCN5A,0.7676498,76,top-5%-STRING-degree
2401,BECN1,0.76509696,139,top-5%-STRING-degree
8096,GNAI2,0.7647999,156,top-5%-STRING-degree
8533,H6PD,0.76433504,81,top-5%-STRING-degree
4527,COX6A1,0.7636339,65,top-5%-STRING-degree
23376,TSC2,0.763476,87,top-5%-STRING-degree
3692,CDC42,0.7628931,286,top-5%-STRING-degree
15339,RAP1B,0.76286066,74,top-5%-STRING-degree
23966,VCP,0.7624432,177,top-5%-STRING-degree
9393,IKBKG,0.76236176,126,top-5%-STRING-degree
15258,RAB8A,0.7623468,104,top-5%-STRING-degree
20305,SCARB1,0.76205623,96,top-5%-STRING-degree
3515,CCL3,0.7614845,88,top-5%-STRING-degree
4523,COX4I1,0.76135314,114,top-5%-STRING-degree
20183,RYR2,0.75966465,76,top-5%-STRING-degree
4129,CHUK,0.7592112,127,top-5%-STRING-degree
21422,SOD2,0.758731,95,top-5%-STRING-degree
6915,FADD,0.75842994,71,top-5%-STRING-degree
6533,EIF5,0.75842845,92,top-5%-STRING-degree
8101,GNAS,0.75841874,147,top-5%-STRING-degree
8219,GPI,0.758381,100,top-5%-STRING-degree
21886,STUB1,0.7583086,100,top-5%-STRING-degree
6517,EIF4A1,0.75811857,136,top-5%-STRING-degree
21212,SMAD4,0.75811064,143,top-5%-STRING-degree
23648,UBE2D2,0.75794494,102,top-5%-STRING-degree
21897,STX1A,0.75786483,82,top-5%-STRING-degree
14619,PPP1CC,0.7574377,127,top-5%-STRING-degree
13146,NPY,0.7573689,75,top-5%-STRING-degree
22532,TJP1,0.7573631,107,top-5%-STRING-degree
3782,CDKN2A,0.75667024,138,top-5%-STRING-degree
6883,EZR,0.7555221,91,top-5%-STRING-degree
5547,CXCL2,0.7554208,74,top-5%-STRING-degree
20392,SDHA,0.75532144,133,top-5%-STRING-degree
11284,LRP5,0.75402963,71,top-5%-STRING-degree
15205,RAB1A,0.75393,72,top-5%-STRING-degree
1962,ARRB1,0.7537667,121,top-5%-STRING-degree
6003,DLG4,0.7532,173,top-5%-STRING-degree
23547,TUFM,0.75268734,204,top-5%-STRING-degree
7931,GFAP,0.7521356,66,top-5%-STRING-degree
6506,EIF3D,0.75163865,82,top-5%-STRING-degree
14618,PPP1CB,0.75142324,98,top-5%-STRING-degree
21438,SOS1,0.7513246,88,top-5%-STRING-degree
3315,CBL,0.7509396,134,top-5%-STRING-degree
12238,MRPL20,0.75079703,184,top-5%-STRING-degree;ribosomal-or-mitochondrial-structural
7512,FLNC,0.7501371,70,top-5%-STRING-degree
7743,GABARAPL1,0.74884576,87,top-5%-STRING-degree
21808,STAT6,0.7484817,79,top-5%-STRING-degree
24282,XIAP,0.74805015,85,top-5%-STRING-degree
20306,SCARB2,0.7480439,80,top-5%-STRING-degree
8901,HNRNPH1,0.74695194,92,top-5%-STRING-degree
1455,ANK2,0.7465158,79,top-5%-STRING-degree
23102,TRAF3,0.746066,99,top-5%-STRING-degree
1757,APOE,0.7456912,145,top-5%-STRING-degree
9610,IRF3,0.7445809,86,top-5%-STRING-degree
6516,EIF3M,0.7441042,91,top-5%-STRING-degree
6519,EIF4A3,0.743931,198,top-5%-STRING-degree
14288,PLCB1,0.74277246,97,top-5%-STRING-degree
23668,UBE2N,0.74252164,110,top-5%-STRING-degree
6312,DVL1,0.74226534,92,top-5%-STRING-degree
22276,TCP1,0.7419067,104,top-5%-STRING-degree
6663,EP300,0.7416846,344,top-5%-STRING-degree
11772,MDH2,0.7414199,75,top-5%-STRING-degree
14190,PINK1,0.7410283,96,top-5%-STRING-degree
14521,POMC,0.74040157,124,top-5%-STRING-degree
7742,GABARAP,0.7401036,79,top-5%-STRING-degree
24403,YWHAE,0.7399949,82,top-5%-STRING-degree
2072,ATF4,0.739721,70,top-5%-STRING-degree
21920,SUCLG1,0.73925775,101,top-5%-STRING-degree
1326,ALDH18A1,0.7387065,71,top-5%-STRING-degree
15365,RASA1,0.73798496,94,top-5%-STRING-degree
21414,SOCS1,0.73795664,70,top-5%-STRING-degree
21367,SNRPE,0.73737514,224,top-5%-STRING-degree
6510,EIF3H,0.73632383,88,top-5%-STRING-degree
3579,CCT8,0.73631847,99,top-5%-STRING-degree
15288,RAD51,0.73530406,229,top-5%-STRING-degree
15035,PTGES3,0.73496825,86,top-5%-STRING-degree
20167,RUVBL1,0.73451805,153,top-5%-STRING-degree
12739,NCOR1,0.7342685,152,top-5%-STRING-degree
15250,RAB5A,0.73408055,76,top-5%-STRING-degree
9173,IFI35,0.73348296,188,top-5%-STRING-degree
8907,HNRNPM,0.7332406,93,top-5%-STRING-degree
3137,CACNA1S,0.7332321,70,top-5%-STRING-degree
7330,FBXW7,0.7327447,65,top-5%-STRING-degree
20757,SIN3A,0.7326228,129,top-5%-STRING-degree
23952,VASP,0.7316025,78,top-5%-STRING-degree
6499,EIF2S2,0.7313861,117,top-5%-STRING-degree
8866,HMGN1,0.7310647,157,top-5%-STRING-degree
15408,RB1,0.7310457,113,top-5%-STRING-degree
15649,RHO,0.7309278,70,top-5%-STRING-degree
22007,SYNCRIP,0.73083645,77,top-5%-STRING-degree
11604,MAP3K7,0.73078954,119,top-5%-STRING-degree
2237,AXIN1,0.72990304,83,top-5%-STRING-degree
5518,CUL3,0.72908914,131,top-5%-STRING-degree
1920,ARL6IP1,0.72806907,147,top-5%-STRING-degree
12258,MRPL41,0.72793025,137,top-5%-STRING-degree;ribosomal-or-mitochondrial-structural
23099,TRADD,0.7278597,67,top-5%-STRING-degree
21377,SNU13,0.7277856,254,top-5%-STRING-degree
21368,SNRPF,0.7271611,204,top-5%-STRING-degree
3966,CFL1,0.72640777,78,top-5%-STRING-degree
10391,LAMP1,0.72623616,76,top-5%-STRING-degree
3526,CCNB1,0.7258415,194,top-5%-STRING-degree
14290,PLCB3,0.7255162,94,top-5%-STRING-degree
21892,STX17,0.72519076,68,top-5%-STRING-degree
15473,RBMX,0.7247305,87,top-5%-STRING-degree
3574,CCT4,0.72365195,129,top-5%-STRING-degree
11695,MAVS,0.72364837,87,top-5%-STRING-degree
3575,CCT5,0.72289187,107,top-5%-STRING-degree
6508,EIF3F,0.72254497,100,top-5%-STRING-degree
8909,HNRNPU,0.7211937,91,top-5%-STRING-degree
20512,SERBP1,0.7211033,124,top-5%-STRING-degree
7241,FASN,0.72096527,76,top-5%-STRING-degree
20585,SF1,0.72083575,83,top-5%-STRING-degree
3667,CD9,0.7197834,73,top-5%-STRING-degree
1806,ARF6,0.7193801,73,top-5%-STRING-degree
15276,RAC1,0.71929824,108,top-5%-STRING-degree
8042,GLMN,0.7180872,82,top-5%-STRING-degree
6515,EIF3L,0.7180642,71,top-5%-STRING-degree
8091,GNA12,0.7174394,76,top-5%-STRING-degree
2347,BCAR1,0.7172127,74,top-5%-STRING-degree
6481,EIF1,0.7147063,79,top-5%-STRING-degree
5831,DDX6,0.7146726,72,top-5%-STRING-degree
2525,BRCA1,0.71394837,335,top-5%-STRING-degree
20111,RSL24D1,0.7133014,204,top-5%-STRING-degree
9990,KHDRBS1,0.7127264,73,top-5%-STRING-degree
7737,G6PD,0.71250343,66,top-5%-STRING-degree
922,ACTG1,0.7123593,162,top-5%-STRING-degree
7256,FBL,0.712142,191,top-5%-STRING-degree
13213,NSA2,0.712085,181,top-5%-STRING-degree
11578,MAP1LC3B,0.7101806,72,top-5%-STRING-degree
6507,EIF3E,0.7098576,89,top-5%-STRING-degree
6483,EIF1AX,0.70927536,143,top-5%-STRING-degree
8421,GSN,0.7091533,66,top-5%-STRING-degree
3194,CAMK2B,0.7090603,80,top-5%-STRING-degree
1687,AP2B1,0.70837414,78,top-5%-STRING-degree
22110,TALDO1,0.70821,68,top-5%-STRING-degree
21366,SNRPD3,0.7079242,196,top-5%-STRING-degree
20421,SEC22B,0.70777375,75,top-5%-STRING-degree
6509,EIF3G,0.70720416,79,top-5%-STRING-degree
9701,ITPR1,0.70587766,95,top-5%-STRING-degree
884,ACOX1,0.70532525,88,top-5%-STRING-degree
19992,RPL36AL,0.7052563,181,top-5%-STRING-degree;ribosomal-or-mitochondrial-structural
23268,TRIM28,0.7045743,116,top-5%-STRING-degree
12740,NCOR2,0.70449066,114,top-5%-STRING-degree
3517,CCL4,0.7044582,86,top-5%-STRING-degree
8090,GNA11,0.7034143,81,top-5%-STRING-degree
4682,CS,0.7028752,130,top-5%-STRING-degree
13019,NME7,0.70254457,86,top-5%-STRING-degree
12918,NGFR,0.70218766,86,top-5%-STRING-degree
6534,EIF5A,0.7007675,146,top-5%-STRING-degree
21310,SNAI1,0.7006485,85,top-5%-STRING-degree
6511,EIF3I,0.7005303,124,top-5%-STRING-degree
6500,EIF2S3,0.70049864,133,top-5%-STRING-degree
21364,SNRPD1,0.70004404,179,top-5%-STRING-degree
20110,RSL1D1,0.69981754,191,top-5%-STRING-degree
5521,CUL5,0.6994828,70,top-5%-STRING-degree
1685,AP2A1,0.69907844,74,top-5%-STRING-degree
20589,SF3B1,0.6990272,158,top-5%-STRING-degree
21902,STX5,0.69885904,94,top-5%-STRING-degree
24071,VTI1A,0.6981245,71,top-5%-STRING-degree
2583,BTF3,0.6980735,93,top-5%-STRING-degree
24386,YKT6,0.6973914,72,top-5%-STRING-degree
5621,CYP2E1,0.6971673,92,top-5%-STRING-degree
9063,HSPA4,0.6969125,230,top-5%-STRING-degree
14417,PMPCB,0.69670415,77,top-5%-STRING-degree
21677,SRP9,0.6959508,91,top-5%-STRING-degree
14770,PRKAG2,0.69565105,66,top-5%-STRING-degree
8867,HMGN2,0.69486976,144,top-5%-STRING-degree
15190,RAB11A,0.69453216,87,top-5%-STRING-degree
14309,PLD2,0.694414,71,top-5%-STRING-degree
2094,ATG7,0.6943982,69,top-5%-STRING-degree
13544,OXA1L,0.6936711,99,top-5%-STRING-degree
2070,ATF2,0.69303364,85,top-5%-STRING-degree
15331,RANBP2,0.6929938,113,top-5%-STRING-degree
3576,CCT6A,0.6928244,70,top-5%-STRING-degree
15137,PWP2,0.69260985,151,top-5%-STRING-degree
24237,WNT3A,0.6922058,70,top-5%-STRING-degree
3688,CDC37,0.6921746,66,top-5%-STRING-degree
8989,HPRT1,0.6916741,68,top-5%-STRING-degree
5979,DKC1,0.69133705,120,top-5%-STRING-degree
23371,TRRAP,0.69071853,120,top-5%-STRING-degree
2600,BTRC,0.6902271,117,top-5%-STRING-degree
6650,ENTPD1,0.6895192,70,top-5%-STRING-degree
6074,DNAJB1,0.68936515,71,top-5%-STRING-degree
21921,SUCLG2,0.68896675,79,top-5%-STRING-degree
21369,SNRPG,0.6882757,196,top-5%-STRING-degree
6538,EIF6,0.6879967,159,top-5%-STRING-degree
3179,CALM2,0.6873569,73,top-5%-STRING-degree
13913,PDHB,0.6872293,84,top-5%-STRING-degree
20798,SKP2,0.6858753,76,top-5%-STRING-degree
20411,SEC13,0.68549156,99,top-5%-STRING-degree
21466,SP1,0.6852136,77,top-5%-STRING-degree
9631,ISG15,0.68492067,121,top-5%-STRING-degree
21699,SRSF3,0.6846781,97,top-5%-STRING-degree
15005,PTBP1,0.68430436,82,top-5%-STRING-degree
7815,GAPDH,0.68404436,260,top-5%-STRING-degree
6715,EPS15,0.683896,77,top-5%-STRING-degree
11286,LRP6,0.68310225,65,top-5%-STRING-degree
22062,TAB2,0.682873,65,top-5%-STRING-degree
6502,EIF3A,0.6827097,77,top-5%-STRING-degree
7744,GABARAPL2,0.68224466,85,top-5%-STRING-degree
20048,RPS27L,0.6808677,193,top-5%-STRING-degree;ribosomal-or-mitochondrial-structural
12249,MRPL33,0.67734146,182,top-5%-STRING-degree;ribosomal-or-mitochondrial-structural
8458,GTF2H4,0.6764649,93,top-5%-STRING-degree
8908,HNRNPR,0.67531806,70,top-5%-STRING-degree
9054,HSP90B1,0.67434025,91,top-5%-STRING-degree
24408,YY1,0.6740235,115,top-5%-STRING-degree
3573,CCT3,0.6739327,82,top-5%-STRING-degree
14238,PKM,0.6738174,150,top-5%-STRING-degree
3684,CDC25C,0.6737475,85,top-5%-STRING-degree
9592,IQGAP1,0.6736326,79,top-5%-STRING-degree
19972,RPL22L1,0.6731054,149,top-5%-STRING-degree;ribosomal-or-mitochondrial-structural
1342,ALDH7A1,0.6728514,91,top-5%-STRING-degree
6313,DVL2,0.6719864,82,top-5%-STRING-degree
23661,UBE2I,0.67166394,139,top-5%-STRING-degree
21416,SOCS3,0.6708007,69,top-5%-STRING-degree
5814,DDX3X,0.6706809,72,top-5%-STRING-degree
3578,CCT7,0.67055273,126,top-5%-STRING-degree
2102,ATM,0.669912,196,top-5%-STRING-degree
6793,ESPL1,0.6696509,110,top-5%-STRING-degree
22128,TARDBP,0.6692851,119,top-5%-STRING-degree
6518,EIF4A2,0.6692044,71,top-5%-STRING-degree
22020,SYNJ1,0.6689603,73,top-5%-STRING-degree
3572,CCT2,0.6689411,119,top-5%-STRING-degree
15282,RAD18,0.6687762,75,top-5%-STRING-degree
8896,HNRNPC,0.6681185,157,top-5%-STRING-degree
2602,BUB1B,0.6673654,178,top-5%-STRING-degree
5756,DCTN1,0.6673024,94,top-5%-STRING-degree
11534,MAGOH,0.66705704,115,top-5%-STRING-degree
13582,PA2G4,0.66644394,190,top-5%-STRING-degree
12241,MRPL23,0.6658333,125,top-5%-STRING-degree;ribosomal-or-mitochondrial-structural
7771,GADD45GIP1,0.66578025,103,top-5%-STRING-degree
15271,RABIF,0.6652304,81,top-5%-STRING-degree
3525,CCNA2,0.6651992,203,top-5%-STRING-degree
12279,MRPS15,0.664785,245,top-5%-STRING-degree;ribosomal-or-mitochondrial-structural
12284,MRPS18C,0.6645121,104,top-5%-STRING-degree;ribosomal-or-mitochondrial-structural
23642,UBC,0.6640703,340,top-5%-STRING-degree
22206,TBP,0.6634788,196,top-5%-STRING-degree
14289,PLCB2,0.66345155,87,top-5%-STRING-degree
2081,ATG12,0.6634006,70,top-5%-STRING-degree
23941,VAMP7,0.6630463,69,top-5%-STRING-degree
13820,PCGF2,0.6620172,65,top-5%-STRING-degree
12268,MRPL51,0.66063607,97,top-5%-STRING-degree;ribosomal-or-mitochondrial-structural
21223,SMARCA4,0.6595947,147,top-5%-STRING-degree
12301,MRPS6,0.659424,195,top-5%-STRING-degree;ribosomal-or-mitochondrial-structural
6629,ENO1,0.6591195,89,top-5%-STRING-degree
4703,CSNK1A1,0.6590006,70,top-5%-STRING-degree
15286,RAD23B,0.6589327,102,top-5%-STRING-degree
8108,GNB2,0.65737355,93,top-5%-STRING-degree
6537,EIF5B,0.6571042,195,top-5%-STRING-degree
3679,CDC20,0.6563786,200,top-5%-STRING-degree
20061,RPS6KA4,0.65610963,9,ribosomal-or-mitochondrial-structural
21694,SRSF1,0.65505207,176,top-5%-STRING-degree
20590,SF3B2,0.6547333,138,top-5%-STRING-degree
2093,ATG5,0.654323,91,top-5%-STRING-degree
21222,SMARCA2,0.6539969,67,top-5%-STRING-degree
1106,ADSL,0.65395737,85,top-5%-STRING-degree
12250,MRPL34,0.6537202,136,top-5%-STRING-degree;ribosomal-or-mitochondrial-structural
20038,RPS19BP1,0.6532954,63,ribosomal-or-mitochondrial-structural
4889,CTBP1,0.6531351,77,top-5%-STRING-degree
14497,POLR2E,0.65280443,176,top-5%-STRING-degree
24407,YWHAZ,0.6526427,113,top-5%-STRING-degree
3714,CDCA8,0.6519757,113,top-5%-STRING-degree
21361,SNRPB,0.651961,180,top-5%-STRING-degree
23683,UBE3A,0.651194,79,top-5%-STRING-degree
8181,GOT2,0.65095985,90,top-5%-STRING-degree
11445,LYAR,0.65083826,125,top-5%-STRING-degree
8904,HNRNPK,0.6503414,138,top-5%-STRING-degree
1801,ARF1,0.6502185,94,top-5%-STRING-degree
1022,ADCY3,0.65021634,79,top-5%-STRING-degree
4488,COPS5,0.6481181,107,top-5%-STRING-degree
7220,FANCD2,0.6465589,100,top-5%-STRING-degree
2413,BET1,0.64637196,67,top-5%-STRING-degree
14167,PIK3C3,0.64622724,103,top-5%-STRING-degree
14372,PLPP3,0.6458995,65,top-5%-STRING-degree
6542,ELAVL1,0.6455416,121,top-5%-STRING-degree
3524,CCNA1,0.64490354,80,top-5%-STRING-degree
15443,RBM25,0.64462453,81,top-5%-STRING-degree
874,ACO2,0.64353424,117,top-5%-STRING-degree
21698,SRSF2,0.6433309,102,top-5%-STRING-degree
6736,ERCC2,0.64308417,119,top-5%-STRING-degree
12269,MRPL52,0.6427841,96,top-5%-STRING-degree;ribosomal-or-mitochondrial-structural
8065,GLUD1,0.64272225,69,top-5%-STRING-degree
14662,PPP2R1A,0.6425899,131,top-5%-STRING-degree
7439,FH,0.642289,74,top-5%-STRING-degree
7692,FUS,0.64071345,94,top-5%-STRING-degree
12827,NEDD8,0.64041746,135,top-5%-STRING-degree
12286,MRPS21,0.64017797,99,top-5%-STRING-degree;ribosomal-or-mitochondrial-structural
6326,DYNLL1,0.6400214,66,top-5%-STRING-degree
12273,MRPL57,0.63991207,96,top-5%-STRING-degree;ribosomal-or-mitochondrial-structural
7225,FANCI,0.6392067,88,top-5%-STRING-degree
21903,STX6,0.63803196,73,top-5%-STRING-degree
2545,BRIP1,0.63794184,68,top-5%-STRING-degree
20055,RPS4Y2,0.6376316,168,top-5%-STRING-degree;ribosomal-or-mitochondrial-structural
21358,SNRNP70,0.6373179,136,top-5%-STRING-degree
3187,CALR,0.63693917,89,top-5%-STRING-degree
1456,ANK3,0.63680375,76,top-5%-STRING-degree
24368,YBX1,0.6367115,135,top-5%-STRING-degree
834,ACAA1,0.63630825,71,top-5%-STRING-degree
23064,TPM3,0.6363068,66,top-5%-STRING-degree
15482,RBPJ,0.63621914,68,top-5%-STRING-degree
8449,GTF2B,0.6360504,114,top-5%-STRING-degree
6266,DTL,0.63491046,86,top-5%-STRING-degree
925,ACTL6A,0.6348389,94,top-5%-STRING-degree
2377,BCL6,0.6344483,68,top-5%-STRING-degree
9694,ITPA,0.634068,87,top-5%-STRING-degree
2223,AURKAIP1,0.63386667,95,top-5%-STRING-degree
6514,EIF3K,0.63315666,77,top-5%-STRING-degree
12271,MRPL54,0.63258815,96,top-5%-STRING-degree;ribosomal-or-mitochondrial-structural
4643,CRKL,0.6320228,79,top-5%-STRING-degree
15338,RAP1A,0.63196445,86,top-5%-STRING-degree
23569,TWISTNB,0.6317292,87,top-5%-STRING-degree
5529,CWC15,0.63149625,110,top-5%-STRING-degree
5480,CTNNBL1,0.6314274,72,top-5%-STRING-degree
21946,SUMO1,0.63131076,102,top-5%-STRING-degree
9605,IRF1,0.6305036,75,top-5%-STRING-degree
22535,TK1,0.63032055,69,top-5%-STRING-degree
21365,SNRPD2,0.6298947,211,top-5%-STRING-degree
1688,AP2M1,0.6297274,75,top-5%-STRING-degree
23060,TPI1,0.62904346,70,top-5%-STRING-degree
22097,TAF6,0.6274825,130,top-5%-STRING-degree
9779,KAT2A,0.6274096,100,top-5%-STRING-degree
10242,KPNB1,0.62739694,84,top-5%-STRING-degree
6475,EHMT2,0.62697834,74,top-5%-STRING-degree
6807,ETF1,0.62690985,118,top-5%-STRING-degree
23649,UBE2D3,0.62644196,83,top-5%-STRING-degree
12244,MRPL27,0.62536824,195,top-5%-STRING-degree;ribosomal-or-mitochondrial-structural
21687,SRRM1,0.62447894,137,top-5%-STRING-degree
23908,USP7,0.6244689,85,top-5%-STRING-degree
12260,MRPL43,0.6241073,155,top-5%-STRING-degree;ribosomal-or-mitochondrial-structural
21652,SREBF1,0.6234961,87,top-5%-STRING-degree
21703,SRSF7,0.6228305,71,top-5%-STRING-degree
21890,STX16,0.6226696,66,top-5%-STRING-degree
20062,RPS6KA5,0.62247187,23,ribosomal-or-mitochondrial-structural
12228,MRPL11,0.62190324,216,top-5%-STRING-degree;ribosomal-or-mitochondrial-structural
12235,MRPL18,0.6218751,97,top-5%-STRING-degree;ribosomal-or-mitochondrial-structural
23861,USP14,0.62181336,76,top-5%-STRING-degree
15413,RBBP4,0.62171173,145,top-5%-STRING-degree
5822,DDX5,0.6216947,118,top-5%-STRING-degree
5798,DDX18,0.62090284,157,top-5%-STRING-degree
1028,ADCY9,0.62088764,72,top-5%-STRING-degree
24402,YWHAB,0.6199289,77,top-5%-STRING-degree
1024,ADCY5,0.61929196,90,top-5%-STRING-degree
23646,UBE2C,0.6189414,129,top-5%-STRING-degree
12929,NHP2,0.6186843,201,top-5%-STRING-degree
21380,SNW1,0.61853963,149,top-5%-STRING-degree
9487,ILF3,0.6178216,67,top-5%-STRING-degree
14014,PFN1,0.6174733,65,top-5%-STRING-degree
21362,SNRPB2,0.61736894,127,top-5%-STRING-degree
23622,UBA1,0.6172506,66,top-5%-STRING-degree
14498,POLR2F,0.6171304,209,top-5%-STRING-degree
23073,TPR,0.6166155,68,top-5%-STRING-degree
15525,RECQL4,0.6165555,73,top-5%-STRING-degree
20169,RUVBL2,0.616191,140,top-5%-STRING-degree
7600,FOXM1,0.61478573,91,top-5%-STRING-degree
23778,ULK1,0.6147094,68,top-5%-STRING-degree
4705,CSNK1D,0.61385536,80,top-5%-STRING-degree
12231,MRPL14,0.6137219,97,top-5%-STRING-degree;ribosomal-or-mitochondrial-structural
11786,MECP2,0.6136188,78,top-5%-STRING-degree
2605,BUD31,0.6126911,113,top-5%-STRING-degree
3691,CDC40,0.6124018,135,top-5%-STRING-degree
23375,TSC1,0.6118826,79,top-5%-STRING-degree
11395,LSM6,0.61158776,90,top-5%-STRING-degree
12280,MRPS16,0.61105573,202,top-5%-STRING-degree;ribosomal-or-mitochondrial-structural
22501,TIMELESS,0.61087245,74,top-5%-STRING-degree
20705,SHH,0.6106261,90,top-5%-STRING-degree
4039,CHD4,0.60968983,89,top-5%-STRING-degree
12289,MRPS24,0.609644,94,top-5%-STRING-degree;ribosomal-or-mitochondrial-structural
3780,CDKN1B,0.6093079,106,top-5%-STRING-degree
7538,FMR1,0.6081699,91,top-5%-STRING-degree
21688,SRRM2,0.6068158,128,top-5%-STRING-degree
11391,LSM2,0.6061868,93,top-5%-STRING-degree
12272,MRPL55,0.606062,94,top-5%-STRING-degree;ribosomal-or-mitochondrial-structural
6529,EIF4G1,0.60487765,135,top-5%-STRING-degree
14500,POLR2H,0.60417336,147,top-5%-STRING-degree
6498,EIF2S1,0.60348254,190,top-5%-STRING-degree
5517,CUL2,0.60317785,94,top-5%-STRING-degree
1026,ADCY7,0.6024447,68,top-5%-STRING-degree
6843,EXO1,0.6024429,185,top-5%-STRING-degree
2351,BCAS2,0.60190654,80,top-5%-STRING-degree
4027,CHCHD1,0.60075057,89,top-5%-STRING-degree
15416,RBBP7,0.60071504,117,top-5%-STRING-degree
6395,EDF1,0.59966844,89,top-5%-STRING-degree
2601,BUB1,0.59908795,147,top-5%-STRING-degree
5775,DDB2,0.59900105,68,top-5%-STRING-degree
11742,MCM3,0.5982117,115,top-5%-STRING-degree
21826,STIP1,0.5978964,70,top-5%-STRING-degree
11393,LSM4,0.5977024,98,top-5%-STRING-degree
2604,BUD13,0.5970541,91,top-5%-STRING-degree
8893,HNRNPA2B1,0.59684116,118,top-5%-STRING-degree
24313,XRCC6,0.595528,136,top-5%-STRING-degree
14499,POLR2G,0.59525335,131,top-5%-STRING-degree
8179,GOSR2,0.59519964,65,top-5%-STRING-degree
3528,CCNB2,0.5951992,137,top-5%-STRING-degree
3705,CDC6,0.5949448,128,top-5%-STRING-degree
24629,ZMAT2,0.5949334,89,top-5%-STRING-degree
9495,IMP3,0.59475404,292,top-5%-STRING-degree
5954,DICER1,0.59317017,96,top-5%-STRING-degree
23730,UCHL5,0.5927239,84,top-5%-STRING-degree
6147,DNTTIP2,0.5918768,103,top-5%-STRING-degree
5812,DDX39B,0.59180295,133,top-5%-STRING-degree
2526,BRCA2,0.5905283,173,top-5%-STRING-degree
3803,CDT1,0.5902616,104,top-5%-STRING-degree
22095,TAF5,0.5891123,103,top-5%-STRING-degree
5820,DDX47,0.58899695,92,top-5%-STRING-degree
11396,LSM7,0.58898914,96,top-5%-STRING-degree
6512,EIF3J,0.5886749,67,top-5%-STRING-degree
14839,PRPF38A,0.588598,95,top-5%-STRING-degree
3367,CCDC124,0.5880726,81,top-5%-STRING-degree
12302,MRPS7,0.58783287,270,top-5%-STRING-degree;ribosomal-or-mitochondrial-structural
21370,SNRPN,0.58763844,103,top-5%-STRING-degree
13343,NXF1,0.5863273,88,top-5%-STRING-degree
21363,SNRPC,0.58629483,77,top-5%-STRING-degree
22000,SYF2,0.5861956,92,top-5%-STRING-degree
1774,APRT,0.58611643,78,top-5%-STRING-degree
15467,RBM8A,0.5861068,109,top-5%-STRING-degree
13590,PABPN1,0.58575284,66,top-5%-STRING-degree
9062,HSPA2,0.58562076,69,top-5%-STRING-degree
5686,DAP3,0.58529896,148,top-5%-STRING-degree
22093,TAF4,0.58514565,129,top-5%-STRING-degree
12264,MRPL47,0.5847693,154,top-5%-STRING-degree;ribosomal-or-mitochondrial-structural
8180,GOT1,0.58419544,66,top-5%-STRING-degree
1184,AGO2,0.5840812,109,top-5%-STRING-degree
10491,LEO1,0.58399856,70,top-5%-STRING-degree
22082,TAF12,0.5830465,119,top-5%-STRING-degree
12257,MRPL40,0.5826998,135,top-5%-STRING-degree;ribosomal-or-mitochondrial-structural
23094,TRA2B,0.58228576,71,top-5%-STRING-degree
12239,MRPL21,0.5821217,195,top-5%-STRING-degree;ribosomal-or-mitochondrial-structural
15301,RAE1,0.5820137,67,top-5%-STRING-degree
8876,HMMR,0.5804296,80,top-5%-STRING-degree
13833,PCNA,0.57950294,145,top-5%-STRING-degree
20594,SF3B6,0.5791354,105,top-5%-STRING-degree
9781,KAT5,0.5787722,124,top-5%-STRING-degree
12234,MRPL17,0.5783904,215,top-5%-STRING-degree;ribosomal-or-mitochondrial-structural
14847,PRPF8,0.5780875,170,top-5%-STRING-degree
13817,PCF11,0.5780419,66,top-5%-STRING-degree
15797,RNF2,0.5778748,121,top-5%-STRING-degree
6049,DNA2,0.5778514,90,top-5%-STRING-degree
2316,BARD1,0.5767508,106,top-5%-STRING-degree
14593,PPIG,0.57649934,104,top-5%-STRING-degree
23694,UBL5,0.5764681,79,top-5%-STRING-degree
12359,MT-ATP8,0.57625157,21,ribosomal-or-mitochondrial-structural
22102,TAF9,0.5754808,138,top-5%-STRING-degree
24153,WDR5,0.57524484,162,top-5%-STRING-degree
12248,MRPL32,0.5749302,184,top-5%-STRING-degree;ribosomal-or-mitochondrial-structural
14506,POLR2L,0.5747606,165,top-5%-STRING-degree
11397,LSM8,0.5737959,84,top-5%-STRING-degree
21671,SRP14,0.5737214,91,top-5%-STRING-degree
22002,SYMPK,0.573566,65,top-5%-STRING-degree
24315,XRN1,0.5733892,78,top-5%-STRING-degree
21360,SNRPA1,0.5714506,138,top-5%-STRING-degree
3704,CDC5L,0.57136,175,top-5%-STRING-degree
21202,SLU7,0.5704262,85,top-5%-STRING-degree
12297,MRPS34,0.57040316,97,top-5%-STRING-degree;ribosomal-or-mitochondrial-structural
9388,IK,0.5703275,74,top-5%-STRING-degree
11394,LSM5,0.5692985,89,top-5%-STRING-degree
14837,PRPF3,0.56917906,109,top-5%-STRING-degree
2098,ATIC,0.5689801,74,top-5%-STRING-degree
11745,MCM4,0.5687892,118,top-5%-STRING-degree
12277,MRPS12,0.56790936,292,top-5%-STRING-degree;ribosomal-or-mitochondrial-structural
7520,FLT3LG,0.56777084,254,top-5%-STRING-degree
21947,SUMO2,0.56708294,87,top-5%-STRING-degree
9780,KAT2B,0.56670076,133,top-5%-STRING-degree
13405,OGT,0.56541,82,top-5%-STRING-degree
15505,RCOR1,0.56495607,86,top-5%-STRING-degree
15327,RAN,0.56359786,79,top-5%-STRING-degree
21352,SNRNP200,0.563574,160,top-5%-STRING-degree
7227,FANCM,0.5625489,102,top-5%-STRING-degree
5867,DENR,0.56251544,66,top-5%-STRING-degree
14505,POLR2K,0.5609803,143,top-5%-STRING-degree
5998,DLG1,0.5608634,66,top-5%-STRING-degree
11493,MAD2L1,0.56038105,139,top-5%-STRING-degree
3682,CDC25A,0.55994046,69,top-5%-STRING-degree
14491,POLR1D,0.5598432,69,top-5%-STRING-degree
13631,PALB2,0.5595092,151,top-5%-STRING-degree
14838,PRPF31,0.5590064,132,top-5%-STRING-degree
6740,ERCC6,0.55789834,90,top-5%-STRING-degree
13055,NOL7,0.5559399,67,top-5%-STRING-degree
2467,BMI1,0.55565774,110,top-5%-STRING-degree
3703,CDC45,0.55551875,151,top-5%-STRING-degree
20588,SF3A3,0.55551594,119,top-5%-STRING-degree
12229,MRPL12,0.55549085,174,top-5%-STRING-degree;ribosomal-or-mitochondrial-structural
13327,NUP98,0.5522789,78,top-5%-STRING-degree
10079,KIF20A,0.5503042,100,top-5%-STRING-degree
6660,ENY2,0.5502876,66,top-5%-STRING-degree
14371,PLPP2,0.54991686,65,top-5%-STRING-degree
1887,ARID1A,0.54991347,65,top-5%-STRING-degree
24312,XRCC5,0.54969287,118,top-5%-STRING-degree
15452,RBM39,0.54955643,71,top-5%-STRING-degree
22099,TAF7,0.54903615,124,top-5%-STRING-degree
15566,RFC3,0.5486888,82,top-5%-STRING-degree
1438,ANAPC4,0.5486119,68,top-5%-STRING-degree
12230,MRPL13,0.547904,255,top-5%-STRING-degree;ribosomal-or-mitochondrial-structural
12299,MRPS36,0.5478922,37,ribosomal-or-mitochondrial-structural
11810,MED28,0.5470476,80,top-5%-STRING-degree
3896,CEP55,0.54663354,92,top-5%-STRING-degree
12233,MRPL16,0.5462295,203,top-5%-STRING-degree;ribosomal-or-mitochondrial-structural
20067,RPS6KL1,0.54557437,1,ribosomal-or-mitochondrial-structural
11392,LSM3,0.5453872,89,top-5%-STRING-degree
20593,SF3B5,0.5452479,133,top-5%-STRING-degree
21359,SNRPA,0.54515195,107,top-5%-STRING-degree
14664,PPP2R2A,0.54500204,68,top-5%-STRING-degree
5804,DDX24,0.5446252,69,top-5%-STRING-degree
20098,RRP7A,0.544251,127,top-5%-STRING-degree
13069,NOP56,0.54383564,205,top-5%-STRING-degree
14501,POLR2I,0.54363805,132,top-5%-STRING-degree
15694,RING1,0.5432766,95,top-5%-STRING-degree
5948,DHX9,0.5431651,174,top-5%-STRING-degree
22080,TAF10,0.5429157,118,top-5%-STRING-degree
21283,SMKR1,0.542569,123,top-5%-STRING-degree
14502,POLR2J,0.54250634,127,top-5%-STRING-degree
2207,ATRX,0.5417837,72,top-5%-STRING-degree
10084,KIF23,0.5408758,98,top-5%-STRING-degree
19977,RPL26L1,0.54075754,219,top-5%-STRING-degree;ribosomal-or-mitochondrial-structural
25231,ZWINT,0.5399674,95,top-5%-STRING-degree
14084,PHF5A,0.5396764,115,top-5%-STRING-degree
11748,MCM7,0.53940326,106,top-5%-STRING-degree
6239,DROSHA,0.53853077,71,top-5%-STRING-degree
12154,MORF4L1,0.53851235,66,top-5%-STRING-degree
15108,PTTG1,0.5379814,81,top-5%-STRING-degree
21974,SUZ12,0.53766066,86,top-5%-STRING-degree
20433,SEC61A1,0.53712595,201,top-5%-STRING-degree
14494,POLR2B,0.5359947,252,top-5%-STRING-degree
24161,WDR61,0.53561884,73,top-5%-STRING-degree
21958,SUPT5H,0.53504,102,top-5%-STRING-degree
5808,DDX27,0.5349101,90,top-5%-STRING-degree
21673,SRP19,0.5344708,98,top-5%-STRING-degree
19958,RPL10L,0.53357536,186,top-5%-STRING-degree;ribosomal-or-mitochondrial-structural
15294,RAD52,0.5335122,100,top-5%-STRING-degree
5520,CUL4B,0.5318972,71,top-5%-STRING-degree
11812,MED30,0.5318442,80,top-5%-STRING-degree
24120,WDHD1,0.53156215,78,top-5%-STRING-degree
24270,XAB2,0.53154975,116,top-5%-STRING-degree
15336,RANGAP1,0.5315403,77,top-5%-STRING-degree
14846,PRPF6,0.5306274,106,top-5%-STRING-degree
21693,SRRT,0.5304593,84,top-5%-STRING-degree
21957,SUPT4H1,0.53007567,72,top-5%-STRING-degree
6735,ERCC1,0.52975684,96,top-5%-STRING-degree
5933,DHX15,0.5293783,209,top-5%-STRING-degree
15474,RBMX2,0.5293655,86,top-5%-STRING-degree
5486,CTR9,0.52935463,74,top-5%-STRING-degree
3686,CDC27,0.5293246,82,top-5%-STRING-degree
10106,KIFC1,0.52890754,70,top-5%-STRING-degree
7374,FEN1,0.5286744,136,top-5%-STRING-degree
12245,MRPL28,0.5283579,97,top-5%-STRING-degree;ribosomal-or-mitochondrial-structural
3541,CCNH,0.52833205,107,top-5%-STRING-degree
23606,U2AF2,0.5282753,150,top-5%-STRING-degree
19939,RPA2,0.5281458,92,top-5%-STRING-degree
3928,CETN2,0.5281457,69,top-5%-STRING-degree
8905,HNRNPL,0.5273851,73,top-5%-STRING-degree
14663,PPP2R1B,0.5266093,72,top-5%-STRING-degree
12283,MRPS18B,0.5265765,94,top-5%-STRING-degree;ribosomal-or-mitochondrial-structural
19998,RPL3L,0.5259043,220,top-5%-STRING-degree;ribosomal-or-mitochondrial-structural
14382,PLRG1,0.5247708,117,top-5%-STRING-degree
20587,SF3A2,0.5246364,142,top-5%-STRING-degree
21731,SSRP1,0.5241377,69,top-5%-STRING-degree
11747,MCM6,0.5231208,97,top-5%-STRING-degree
9496,IMP4,0.52244985,168,top-5%-STRING-degree
12240,MRPL22,0.52175885,247,top-5%-STRING-degree;ribosomal-or-mitochondrial-structural
20027,RPS10-NUDT3,0.5213843,169,top-5%-STRING-degree;ribosomal-or-mitochondrial-structural
13039,NOB1,0.5210002,154,top-5%-STRING-degree
15567,RFC4,0.52052695,96,top-5%-STRING-degree
24105,WBP11,0.52008384,67,top-5%-STRING-degree
8599,HCFC1,0.5199984,93,top-5%-STRING-degree
20716,SHMT2,0.51908195,66,top-5%-STRING-degree
1183,AGO1,0.51869047,65,top-5%-STRING-degree
3334,CBX3,0.5169437,71,top-5%-STRING-degree
13307,NUP153,0.51662695,77,top-5%-STRING-degree
11740,MCM10,0.5163311,106,top-5%-STRING-degree
10254,KRR1,0.5159694,186,top-5%-STRING-degree
15414,RBBP5,0.51555,76,top-5%-STRING-degree
5531,CWC25,0.51531106,65,top-5%-STRING-degree
12749,NDC80,0.51529455,99,top-5%-STRING-degree
21356,SNRNP40,0.5143106,138,top-5%-STRING-degree
8455,GTF2H2,0.5141288,85,top-5%-STRING-degree
12256,MRPL4,0.5136674,250,top-5%-STRING-degree;ribosomal-or-mitochondrial-structural
3855,CENPA,0.51314664,105,top-5%-STRING-degree
1431,ANAPC1,0.51263595,73,top-5%-STRING-degree
14495,POLR2C,0.51190716,253,top-5%-STRING-degree
13048,NOL10,0.5110345,130,top-5%-STRING-degree
3707,CDC73,0.5101678,80,top-5%-STRING-degree
19948,RPF1,0.51012677,123,top-5%-STRING-degree
1397,ALYREF,0.5100794,167,top-5%-STRING-degree
14836,PRPF19,0.5095025,141,top-5%-STRING-degree
23603,U2AF1,0.5091488,103,top-5%-STRING-degree
13070,NOP58,0.50866973,204,top-5%-STRING-degree
8448,GTF2A2,0.5080496,80,top-5%-STRING-degree
20753,SIL1,0.5078703,128,top-5%-STRING-degree
11814,MED4,0.50783676,83,top-5%-STRING-degree
6867,EXOSC8,0.50765955,67,top-5%-STRING-degree
13968,PELO,0.5075539,84,top-5%-STRING-degree
12296,MRPS33,0.5072977,98,top-5%-STRING-degree;ribosomal-or-mitochondrial-structural
14845,PRPF4B,0.5062674,67,top-5%-STRING-degree
8459,GTF2H5,0.5058278,86,top-5%-STRING-degree
12839,NEK2,0.50546837,92,top-5%-STRING-degree
20134,RTF1,0.50500876,68,top-5%-STRING-degree
15116,PUM3,0.5046835,107,top-5%-STRING-degree
4584,CPSF6,0.50468105,73,top-5%-STRING-degree
1789,AQR,0.50467265,80,top-5%-STRING-degree
11800,MED18,0.5045717,78,top-5%-STRING-degree
20592,SF3B4,0.50426614,123,top-5%-STRING-degree
8423,GSPT1,0.50407183,95,top-5%-STRING-degree
11741,MCM2,0.5032635,92,top-5%-STRING-degree
12686,NBN,0.5030614,67,top-5%-STRING-degree
12073,MLLT3,0.50299066,68,top-5%-STRING-degree
12295,MRPS31,0.50215954,98,top-5%-STRING-degree;ribosomal-or-mitochondrial-structural
3550,CCNT1,0.5020263,83,top-5%-STRING-degree
2603,BUB3,0.50172377,73,top-5%-STRING-degree
15440,RBM22,0.5011216,101,top-5%-STRING-degree
15752,RNF113A,0.4999146,85,top-5%-STRING-degree
10092,KIF2C,0.49880356,102,top-5%-STRING-degree
23035,TP53BP1,0.498655,109,top-5%-STRING-degree
12259,MRPL42,0.49856925,97,top-5%-STRING-degree;ribosomal-or-mitochondrial-structural
14989,PSMG1,0.49809417,92,top-5%-STRING-degree
22231,TCEA1,0.49769554,82,top-5%-STRING-degree
3711,CDCA5,0.4970859,82,top-5%-STRING-degree
12254,MRPL38,0.49699122,96,top-5%-STRING-degree;ribosomal-or-mitochondrial-structural
12291,MRPS26,0.49555165,95,top-5%-STRING-degree;ribosomal-or-mitochondrial-structural
12276,MRPS11,0.49504995,248,top-5%-STRING-degree;ribosomal-or-mitochondrial-structural
3339,CBX8,0.49488163,65,top-5%-STRING-degree
23676,UBE2S,0.49419874,81,top-5%-STRING-degree
12278,MRPS14,0.49382916,230,top-5%-STRING-degree;ribosomal-or-mitochondrial-structural
6859,EXOSC1,0.4933412,72,top-5%-STRING-degree
12274,MRPL9,0.49274564,174,top-5%-STRING-degree;ribosomal-or-mitochondrial-structural
22079,TAF1,0.49161738,113,top-5%-STRING-degree
6484,EIF1AY,0.49109912,131,top-5%-STRING-degree
22232,TCEA2,0.4903956,65,top-5%-STRING-degree
5522,CUL7,0.49017173,245,top-5%-STRING-degree
12330,MSH2,0.48977765,93,top-5%-STRING-degree
3335,CBX4,0.48864722,66,top-5%-STRING-degree
11544,MALSU1,0.48768124,93,top-5%-STRING-degree
11789,MED10,0.48700517,78,top-5%-STRING-degree
12252,MRPL36,0.48634997,194,top-5%-STRING-degree;ribosomal-or-mitochondrial-structural
20591,SF3B3,0.48632622,154,top-5%-STRING-degree
23809,UPF1,0.48632225,78,top-5%-STRING-degree
11803,MED21,0.48548967,80,top-5%-STRING-degree
6866,EXOSC7,0.4849432,69,top-5%-STRING-degree
24310,XRCC3,0.4847125,65,top-5%-STRING-degree
12246,MRPL3,0.48469406,267,top-5%-STRING-degree;ribosomal-or-mitochondrial-structural
12403,MTG1,0.48454675,78,top-5%-STRING-degree
5809,DDX28,0.48370686,89,top-5%-STRING-degree
20005,RPL7L1,0.4832263,203,top-5%-STRING-degree;ribosomal-or-mitochondrial-structural
24109,WBP4,0.4830975,65,top-5%-STRING-degree
24974,ZNF593,0.4827014,77,top-5%-STRING-degree
11819,MED9,0.48257485,76,top-5%-STRING-degree
6791,ESF1,0.48256913,100,top-5%-STRING-degree
14492,POLR1E,0.48212266,83,top-5%-STRING-degree
5803,DDX23,0.48198947,81,top-5%-STRING-degree
24170,WDR74,0.48188877,124,top-5%-STRING-degree
28,AATF,0.4816219,135,top-5%-STRING-degree
20264,SART1,0.48154712,102,top-5%-STRING-degree
10068,KIF14,0.48115087,70,top-5%-STRING-degree
8452,GTF2F1,0.4810524,93,top-5%-STRING-degree
2454,BLM,0.4807778,94,top-5%-STRING-degree
20586,SF3A1,0.48075303,120,top-5%-STRING-degree
23587,TXNL4A,0.48061338,76,top-5%-STRING-degree
12288,MRPS23,0.48059472,95,top-5%-STRING-degree;ribosomal-or-mitochondrial-structural
12232,MRPL15,0.48015437,118,top-5%-STRING-degree;ribosomal-or-mitochondrial-structural
12275,MRPS10,0.48000965,259,top-5%-STRING-degree;ribosomal-or-mitochondrial-structural
14496,POLR2D,0.47998142,134,top-5%-STRING-degree
24296,XPA,0.47986183,82,top-5%-STRING-degree
8722,HIBCH,0.47892588,73,top-5%-STRING-degree
21954,SUPT16H,0.47883433,67,top-5%-STRING-degree
12938,NIFK,0.47876444,183,top-5%-STRING-degree
12253,MRPL37,0.47876006,97,top-5%-STRING-degree;ribosomal-or-mitochondrial-structural
5717,DCAF13,0.47774464,162,top-5%-STRING-degree
3826,CEBPZ,0.47773927,115,top-5%-STRING-degree
14591,PPIE,0.47701606,83,top-5%-STRING-degree
2043,ASPM,0.47666973,98,top-5%-STRING-degree
23919,UTP18,0.4763452,151,top-5%-STRING-degree
9215,IFT88,0.47619486,68,top-5%-STRING-degree
12298,MRPS35,0.47604728,135,top-5%-STRING-degree;ribosomal-or-mitochondrial-structural
24249,WRN,0.47579378,122,top-5%-STRING-degree
6504,EIF3C,0.47551432,80,top-5%-STRING-degree
21681,SRPRA,0.47496524,67,top-5%-STRING-degree
6503,EIF3B,0.4745792,107,top-5%-STRING-degree
24149,WDR46,0.4743918,169,top-5%-STRING-degree
22101,TAF8,0.47423643,84,top-5%-STRING-degree
12300,MRPS5,0.47390246,261,top-5%-STRING-degree;ribosomal-or-mitochondrial-structural
11746,MCM5,0.47375965,105,top-5%-STRING-degree
12267,MRPL50,0.47305816,98,top-5%-STRING-degree;ribosomal-or-mitochondrial-structural
6155,DOCK4,0.47259584,150,top-5%-STRING-degree
3678,CDC16,0.47205526,83,top-5%-STRING-degree
6863,EXOSC4,0.47142968,71,top-5%-STRING-degree
3859,CENPE,0.47086114,97,top-5%-STRING-degree
13040,NOC2L,0.47072902,188,top-5%-STRING-degree
6862,EXOSC3,0.47051758,65,top-5%-STRING-degree
20124,RSRC1,0.47051555,137,top-5%-STRING-degree
8129,GNL3,0.46779054,142,top-5%-STRING-degree
24136,WDR31,0.46713963,149,top-5%-STRING-degree
11817,MED7,0.4669165,81,top-5%-STRING-degree
13823,PCGF6,0.46671167,68,top-5%-STRING-degree
13068,NOP2,0.46641946,144,top-5%-STRING-degree
24140,WDR36,0.46597403,180,top-5%-STRING-degree
7258,FBLL1,0.46594757,89,top-5%-STRING-degree
11797,MED15,0.46589884,88,top-5%-STRING-degree
11758,MCRS1,0.46571207,67,top-5%-STRING-degree
7222,FANCE,0.46532187,199,top-5%-STRING-degree
12915,NGDN,0.4643045,140,top-5%-STRING-degree
11898,MFAP1,0.46347356,103,top-5%-STRING-degree
6597,EMG1,0.46248364,121,top-5%-STRING-degree
1437,ANAPC2,0.46242434,66,top-5%-STRING-degree
11535,MAGOHB,0.46219525,118,top-5%-STRING-degree
12290,MRPS25,0.46214095,105,top-5%-STRING-degree;ribosomal-or-mitochondrial-structural
5532,CWC27,0.46193323,87,top-5%-STRING-degree
14490,POLR1C,0.4612678,200,top-5%-STRING-degree
23922,UTP3,0.46102563,166,top-5%-STRING-degree
12270,MRPL53,0.46100146,96,top-5%-STRING-degree;ribosomal-or-mitochondrial-structural
20440,SECISBP2,0.46058837,86,top-5%-STRING-degree
12119,MNAT1,0.4605413,95,top-5%-STRING-degree
12293,MRPS28,0.46048683,95,top-5%-STRING-degree;ribosomal-or-mitochondrial-structural
10072,KIF18A,0.460468,70,top-5%-STRING-degree
6450,EFTUD2,0.46040764,301,top-5%-STRING-degree
15136,PWP1,0.46013346,87,top-5%-STRING-degree
6864,EXOSC5,0.459879,71,top-5%-STRING-degree
12287,MRPS22,0.4595186,100,top-5%-STRING-degree;ribosomal-or-mitochondrial-structural
5530,CWC22,0.45942888,109,top-5%-STRING-degree
1439,ANAPC5,0.45918012,65,top-5%-STRING-degree
4650,CRNKL1,0.45885,116,top-5%-STRING-degree
8592,HBS1L,0.45810062,112,top-5%-STRING-degree
20378,SDAD1,0.45787197,110,top-5%-STRING-degree
5826,DDX54,0.45746106,81,top-5%-STRING-degree
12292,MRPS27,0.4573618,95,top-5%-STRING-degree;ribosomal-or-mitochondrial-structural
11816,MED6,0.45732775,84,top-5%-STRING-degree
13049,NOL11,0.4568537,75,top-5%-STRING-degree
12243,MRPL24,0.45665836,242,top-5%-STRING-degree;ribosomal-or-mitochondrial-structural
15438,RBM19,0.4561413,75,top-5%-STRING-degree
13011,NMD3,0.45609245,121,top-5%-STRING-degree
12294,MRPS30,0.45540887,98,top-5%-STRING-degree;ribosomal-or-mitochondrial-structural
6737,ERCC3,0.4546407,137,top-5%-STRING-degree
12226,MRPL1,0.45453233,211,top-5%-STRING-degree;ribosomal-or-mitochondrial-structural
22092,TAF3,0.45382732,77,top-5%-STRING-degree
2546,BRIX1,0.453228,177,top-5%-STRING-degree
8451,GTF2E2,0.4530642,73,top-5%-STRING-degree
11799,MED17,0.45294032,93,top-5%-STRING-degree
11845,MELK,0.45277247,89,top-5%-STRING-degree
73,ABCE1,0.45274836,141,top-5%-STRING-degree
23920,UTP20,0.45249015,136,top-5%-STRING-degree
6365,EBNA1BP2,0.45169434,169,top-5%-STRING-degree
21302,SMU1,0.45158762,76,top-5%-STRING-degree
6412,EEF1G,0.45099473,132,top-5%-STRING-degree
6861,EXOSC2,0.45065337,68,top-5%-STRING-degree
19949,RPF2,0.4494039,182,top-5%-STRING-degree
8454,GTF2H1,0.4493502,99,top-5%-STRING-degree
19938,RPA1,0.448877,129,top-5%-STRING-degree
12227,MRPL10,0.44837642,101,top-5%-STRING-degree;ribosomal-or-mitochondrial-structural
12473,MUS81,0.4473559,86,top-5%-STRING-degree
12236,MRPL19,0.44706434,198,top-5%-STRING-degree;ribosomal-or-mitochondrial-structural
22248,TCERG1,0.4469977,91,top-5%-STRING-degree
8453,GTF2F2,0.44647837,85,top-5%-STRING-degree
5828,DDX56,0.4460296,120,top-5%-STRING-degree
6744,ERCC8,0.44563502,91,top-5%-STRING-degree
11804,MED22,0.44545764,83,top-5%-STRING-degree
6015,DLGAP5,0.44540453,102,top-5%-STRING-degree
12282,MRPS18A,0.44335508,111,top-5%-STRING-degree;ribosomal-or-mitochondrial-structural
12174,MPHOSPH10,0.4433015,162,top-5%-STRING-degree
23918,UTP15,0.44310635,123,top-5%-STRING-degree
22081,TAF11,0.44309026,75,top-5%-STRING-degree
11806,MED24,0.4430414,84,top-5%-STRING-degree
15417,RBBP8,0.4429379,86,top-5%-STRING-degree
3681,CDC23,0.44292703,70,top-5%-STRING-degree
23924,UTP6,0.44287276,159,top-5%-STRING-degree
11808,MED26,0.4426527,85,top-5%-STRING-degree
12261,MRPL44,0.44255653,110,top-5%-STRING-degree;ribosomal-or-mitochondrial-structural
8476,GTPBP4,0.44141006,208,top-5%-STRING-degree
7875,GCC1,0.44120836,66,top-5%-STRING-degree
20096,RRP1B,0.4410116,125,top-5%-STRING-degree
11818,MED8,0.4400834,82,top-5%-STRING-degree
12266,MRPL49,0.43968567,136,top-5%-STRING-degree;ribosomal-or-mitochondrial-structural
11807,MED25,0.43967232,78,top-5%-STRING-degree
6739,ERCC5,0.4395985,65,top-5%-STRING-degree
8815,HJURP,0.43919688,88,top-5%-STRING-degree
24145,WDR43,0.43912965,167,top-5%-STRING-degree
11813,MED31,0.43902034,81,top-5%-STRING-degree
12237,MRPL2,0.43804932,233,top-5%-STRING-degree;ribosomal-or-mitochondrial-structural
3890,CEP290,0.4379801,78,top-5%-STRING-degree
20018,RPP38,0.43563423,149,top-5%-STRING-degree
12737,NCOA6,0.43533963,88,top-5%-STRING-degree
11383,LSG1,0.4351569,131,top-5%-STRING-degree
15010,PTCD3,0.43417206,102,top-5%-STRING-degree
11811,MED29,0.43415752,80,top-5%-STRING-degree
11790,MED11,0.43273312,78,top-5%-STRING-degree
20095,RRP15,0.4326272,68,top-5%-STRING-degree
12047,MKI67,0.4322149,69,top-5%-STRING-degree
12306,MRTO4,0.4318111,311,top-5%-STRING-degree
20094,RRP12,0.4314441,136,top-5%-STRING-degree
11788,MED1,0.43131393,346,top-5%-STRING-degree
11801,MED19,0.43049803,76,top-5%-STRING-degree
23921,UTP23,0.4300084,67,top-5%-STRING-degree
14595,PPIL1,0.42957383,86,top-5%-STRING-degree
5821,DDX49,0.4292264,68,top-5%-STRING-degree
13978,PES1,0.42833763,201,top-5%-STRING-degree
8128,GNL2,0.4281659,166,top-5%-STRING-degree
5943,DHX38,0.42703733,97,top-5%-STRING-degree
12255,MRPL39,0.42630348,96,top-5%-STRING-degree;ribosomal-or-mitochondrial-structural
24128,WDR18,0.42490715,118,top-5%-STRING-degree
15501,RCL1,0.4245245,124,top-5%-STRING-degree
6535,EIF5A2,0.42429167,127,top-5%-STRING-degree
12263,MRPL46,0.42397565,147,top-5%-STRING-degree;ribosomal-or-mitochondrial-structural
8642,HDDC3,0.42393035,86,top-5%-STRING-degree
20101,RRS1,0.42385966,126,top-5%-STRING-degree
5794,DDX10,0.4238541,95,top-5%-STRING-degree
19997,RPL39L,0.42355347,132,top-5%-STRING-degree;ribosomal-or-mitochondrial-structural
13229,NSUN4,0.4232995,74,top-5%-STRING-degree
12262,MRPL45,0.42276698,98,top-5%-STRING-degree;ribosomal-or-mitochondrial-structural
11798,MED16,0.42267928,85,top-5%-STRING-degree
13231,NSUN6,0.4222157,111,top-5%-STRING-degree
8386,GRWD1,0.4221754,124,top-5%-STRING-degree
6868,EXOSC9,0.42200574,68,top-5%-STRING-degree
21674,SRP54,0.42150253,135,top-5%-STRING-degree
13054,NOL6,0.41958588,165,top-5%-STRING-degree
12251,MRPL35,0.4193441,96,top-5%-STRING-degree;ribosomal-or-mitochondrial-structural
7935,GFM1,0.4190696,198,top-5%-STRING-degree
12265,MRPL48,0.4183635,94,top-5%-STRING-degree;ribosomal-or-mitochondrial-structural
14508,POLR3A,0.41823512,129,top-5%-STRING-degree
12335,MSH6,0.41815916,94,top-5%-STRING-degree
12945,NIP7,0.41809383,169,top-5%-STRING-degree
11805,MED23,0.41644326,87,top-5%-STRING-degree
14596,PPIL2,0.415948,66,top-5%-STRING-degree
22083,TAF13,0.41593838,79,top-5%-STRING-degree
9078,HSPBP1,0.4158929,146,top-5%-STRING-degree
21347,SNIP1,0.4152266,101,top-5%-STRING-degree
8457,GTF2H3,0.41467127,90,top-5%-STRING-degree
6738,ERCC4,0.4146494,95,top-5%-STRING-degree
11795,MED14,0.41369924,97,top-5%-STRING-degree
5825,DDX52,0.4133207,96,top-5%-STRING-degree
24308,XRCC1,0.4129003,66,top-5%-STRING-degree
22091,TAF2,0.41250706,101,top-5%-STRING-degree
15447,RBM28,0.41207498,112,top-5%-STRING-degree
23916,UTP14A,0.41171178,143,top-5%-STRING-degree
15450,RBM34,0.4114944,68,top-5%-STRING-degree
6860,EXOSC10,0.41146642,141,top-5%-STRING-degree
2483,BMS1,0.41137046,179,top-5%-STRING-degree
8477,GTPBP6,0.41136408,76,top-5%-STRING-degree
12285,MRPS2,0.41077167,205,top-5%-STRING-degree;ribosomal-or-mitochondrial-structural
5947,DHX8,0.4107141,86,top-5%-STRING-degree
14509,POLR3B,0.41043043,148,top-5%-STRING-degree
14842,PRPF4,0.41022453,72,top-5%-STRING-degree
12281,MRPS17,0.40916252,94,top-5%-STRING-degree;ribosomal-or-mitochondrial-structural
7338,FCF1,0.4089582,113,top-5%-STRING-degree
15698,RIOK2,0.40892822,94,top-5%-STRING-degree
20093,RRP1,0.4081308,119,top-5%-STRING-degree
22205,TBL3,0.40712342,169,top-5%-STRING-degree
8536,HABP4,0.406662,91,top-5%-STRING-degree
11418,LTV1,0.40660447,144,top-5%-STRING-degree
8446,GTF2A1,0.4060437,80,top-5%-STRING-degree
12667,NAT10,0.40561095,178,top-5%-STRING-degree
22590,TMA16,0.40536562,68,top-5%-STRING-degree
21965,SURF6,0.40479097,77,top-5%-STRING-degree
5942,DHX37,0.4038678,79,top-5%-STRING-degree
23092,TPX2,0.40280932,89,top-5%-STRING-degree
12303,MRPS9,0.40078115,194,top-5%-STRING-degree;ribosomal-or-mitochondrial-structural
13042,NOC4L,0.39900813,152,top-5%-STRING-degree
7681,FTSJ3,0.39856416,170,top-5%-STRING-degree
12065,MLH1,0.39848107,72,top-5%-STRING-degree
8130,GNL3L,0.39836437,137,top-5%-STRING-degree
8648,HEATR1,0.39832255,147,top-5%-STRING-degree
13298,NUF2,0.3972842,112,top-5%-STRING-degree
12304,MRRF,0.3971532,156,top-5%-STRING-degree
20099,RRP8,0.39579827,69,top-5%-STRING-degree
15279,RACGAP1,0.39555067,78,top-5%-STRING-degree
24135,WDR3,0.39481202,166,top-5%-STRING-degree
2503,BOP1,0.39469224,197,top-5%-STRING-degree
21675,SRP68,0.39399257,93,top-5%-STRING-degree
24125,WDR12,0.39384073,178,top-5%-STRING-degree
5958,DIMT1,0.39273703,119,top-5%-STRING-degree
23386,TSFM,0.39257804,109,top-5%-STRING-degree
5934,DHX16,0.3924734,90,top-5%-STRING-degree
11764,MDC1,0.391166,72,top-5%-STRING-degree
23923,UTP4,0.39104444,155,top-5%-STRING-degree
13065,NOP14,0.39099345,170,top-5%-STRING-degree
8870,HMGN4,0.3904841,142,top-5%-STRING-degree
14437,PNO1,0.38872102,110,top-5%-STRING-degree
7889,GCN1,0.38823766,97,top-5%-STRING-degree
12412,MTIF2,0.38768488,187,top-5%-STRING-degree
10096,KIF4A,0.38682422,87,top-5%-STRING-degree
12247,MRPL30,0.38609734,106,top-5%-STRING-degree;ribosomal-or-mitochondrial-structural
15292,RAD51C,0.38374004,72,top-5%-STRING-degree
3709,CDCA3,0.38350242,73,top-5%-STRING-degree
14488,POLR1A,0.3832387,179,top-5%-STRING-degree
13864,PDCD11,0.38262117,252,top-5%-STRING-degree
12404,MTG2,0.38220972,65,top-5%-STRING-degree
2611,BYSL,0.38196832,219,top-5%-STRING-degree
6536,EIF5AL1,0.38176554,131,top-5%-STRING-degree
12622,NACA2,0.38148916,65,top-5%-STRING-degree
14489,POLR1B,0.37882328,212,top-5%-STRING-degree
20104,RSAD1,0.37596822,178,top-5%-STRING-degree
6356,EARS2,0.3759253,96,top-5%-STRING-degree
23434,TSR1,0.3757534,160,top-5%-STRING-degree
19940,RPA3,0.3757425,67,top-5%-STRING-degree
20100,RRP9,0.37423855,152,top-5%-STRING-degree
11538,MAK16,0.3742298,140,top-5%-STRING-degree
13041,NOC3L,0.37419987,138,top-5%-STRING-degree
23917,UTP14C,0.37353,112,top-5%-STRING-degree
11809,MED27,0.3713768,78,top-5%-STRING-degree
22349,TEX10,0.37118068,94,top-5%-STRING-degree
20434,SEC61A2,0.37039024,114,top-5%-STRING-degree
23019,TOPBP1,0.36897394,82,top-5%-STRING-degree
11802,MED20,0.3683169,78,top-5%-STRING-degree
8450,GTF2E1,0.367521,87,top-5%-STRING-degree
3860,CENPF,0.366803,97,top-5%-STRING-degree
24171,WDR75,0.3654932,143,top-5%-STRING-degree
23017,TOP3A,0.36393562,73,top-5%-STRING-degree
19966,RPL17-C18ORF32,0.36202073,222,top-5%-STRING-degree;ribosomal-or-mitochondrial-structural
1270,AKNAD1,0.35843787,121,top-5%-STRING-degree
14642,PPP1R26,0.35705394,144,top-5%-STRING-degree
6416,EEFSEC,0.3506723,95,top-5%-STRING-degree
15565,RFC2,0.3459012,65,top-5%-STRING-degree
12705,NCAPG,0.32861432,97,top-5%-STRING-degree
13726,PBK,0.31358582,89,top-5%-STRING-degree
21240,SMC4,0.31109053,65,top-5%-STRING-degree
13332,NUSAP1,0.30033922,83,top-5%-STRING-degree
14713,PRC1,0.28302282,73,top-5%-STRING-degree
12707,NCAPH,0.24483092,67,top-5%-STRING-degree
10069,KIF15,0.19806722,81,top-5%-STRING-degree
20066,RPS6KC1,0.1451101,0,ribosomal-or-mitochondrial-structural
12242,MRPL23-AS1,0.029054761,0,ribosomal-or-mitochondrial-structural
19987,RPL34-AS1,0.024760012,0,ribosomal-or-mitochondrial-structural
