Candidate_Rank,Node_ID,Gene_Symbol,Prediction_Score_Mean,Prediction_Score_SD,Rank_Mean_Across_Seeds,Rank_SD_Across_Seeds,Top100_Frequency_Across_Seeds,Top500_Frequency_Across_Seeds,Clinical_Target_Label,Top_Cell_Type,Top_Cell_Type_Z,Attention_PPI_Mean,Attention_CellTypeSimilarity_Mean,Attention_Pathway_Mean,Score_Drop_Remove_PPI,Score_Drop_Remove_CellTypeSimilarity,Score_Drop_Remove_Pathway,Attention_PPI_SD,Attention_PPI_Q2.5,Attention_PPI_Q97.5,Attention_CellTypeSimilarity_SD,Attention_CellTypeSimilarity_Q2.5,Attention_CellTypeSimilarity_Q97.5,Attention_Pathway_SD,Attention_Pathway_Q2.5,Attention_Pathway_Q97.5,Score_Drop_Remove_PPI_SD,Score_Drop_Remove_PPI_Q2.5,Score_Drop_Remove_PPI_Q97.5,Score_Drop_Remove_CellTypeSimilarity_SD,Score_Drop_Remove_CellTypeSimilarity_Q2.5,Score_Drop_Remove_CellTypeSimilarity_Q97.5,Score_Drop_Remove_Pathway_SD,Score_Drop_Remove_Pathway_Q2.5,Score_Drop_Remove_Pathway_Q97.5
1,11424,LUM,0.9700983,0.036398925,64.0,124.57215668929483,0.9,1.0,0,Fibroblasts,3.7413580905767496,0.13598892,0.77419746,0.08981367,0.12230499,-0.024375457,-0.0026992082,0.16753775,7.074164992560556e-08,0.4452150337398053,0.326998,0.1048748193308711,0.9999711751937866,0.16991694,1.1363490273197385e-06,0.44991009160876283,0.16817805,-9.238719940185547e-08,0.422612339258194,0.029947488,-0.08519006967544555,0.005430838465690615,0.005156337,-0.013655464351177215,0.0001279920339584351
2,20036,RPS18,0.9653174,0.025622927,53.3,64.99239271723353,0.8,1.0,0,B,1.5724514876161002,0.07614669,0.8619815,0.06187179,0.003174007,0.089535415,-0.0017450809,0.14278829,0.0,0.36629306152462965,0.31542468,0.1621561972424388,1.0,0.1914153,3.7018971160285766e-28,0.4715507566928866,0.008153383,-0.0038504675030708313,0.019079025089740756,0.21764465,-0.04417954981327057,0.5098560228943825,0.004811226,-0.012355300784111022,5.6266784667968764e-05
3,20031,RPS14,0.9617791,0.034249246,74.6,125.25547226901237,0.8,1.0,0,B,1.528493169804423,0.08120932,0.8594278,0.059362847,0.0003538668,0.09322701,0.0018341482,0.15410095,0.0,0.39401074498891836,0.31690922,0.15636809151619674,1.0,0.18216102,1.3966073309295452e-26,0.44962115734815616,0.0063639292,-0.006819091737270355,0.012942336499691016,0.21826993,-0.04402490854263306,0.5103878349065781,0.0069796797,-0.0025296539068222048,0.0166638806462288
4,19961,RPL13,0.9594511,0.035387117,85.4,135.45823464571407,0.8,1.0,0,B,1.5526772090810324,0.08007327,0.858191,0.06173575,-0.0018494785,0.093933575,0.0070102154,0.14951366,0.0,0.37509611397981646,0.31739342,0.1544861549511552,1.0,0.1910339,4.805257216057601e-28,0.4705990150570871,0.01149286,-0.023990856111049653,0.014290779829025275,0.2187275,-0.049270981550216676,0.5085416883230209,0.023215258,-0.002369824051856995,0.056612655520439176
5,20029,RPS12,0.9586731,0.03729432,90.1,154.0818325147748,0.8,0.9,0,B,1.7051203340320014,0.075920664,0.8636443,0.060434997,-0.00016849636,0.09213741,0.003266555,0.14434528,0.0,0.37583724856376655,0.31422466,0.16657203221693637,1.0,0.18535914,1.4903772668587072e-26,0.45759071409702323,0.007765887,-0.011831638216972352,0.013943794369697577,0.21800978,-0.04837395548820496,0.5080787241458893,0.011556625,-0.0027002006769180297,0.02792467772960664
6,19979,RPL27A,0.95776737,0.04453383,110.7,228.5743496837152,0.8,0.9,0,B,1.4625830708702054,0.084278986,0.85814,0.057581075,-0.0018922209,0.09618147,0.0053889393,0.15966971,0.0,0.4105839960277081,0.317021,0.15542701072990894,1.0,0.1756019,3.9739916975798806e-26,0.4339889973402025,0.011055129,-0.02342381775379181,0.013288225233554846,0.21885893,-0.046404047310352324,0.5102100893855095,0.018397711,-0.0030326098203659058,0.044685961306095145
7,19983,RPL30,0.9561244,0.04155389,111.0,209.08424670984235,0.8,0.9,0,B,1.7430171137734594,0.100508355,0.84336245,0.05612927,0.0015728414,0.08612456,0.00068485737,0.18422003,0.0,0.44963028728961946,0.32551655,0.13055611280724408,1.0,0.16980319,5.209631796290055e-26,0.42085161209106464,0.010670106,-0.010624963045120239,0.02277417778968812,0.20822233,-0.05000987648963928,0.4713836804032326,0.0041574393,-0.003919018805027008,0.009033896028995517
8,19984,RPL31,0.9535993,0.04874007,138.3,292.7991537631973,0.8,0.9,0,B,1.7042189963453251,0.121128365,0.8272947,0.051576965,0.0018381715,0.037779808,-2.7132035e-05,0.22163521,0.0,0.5456982582807541,0.33959553,0.10200464548543096,1.0,0.15337564,2.8001313947124115e-25,0.3823059238493444,0.01479703,-0.018965660035610198,0.02999659627676011,0.16014317,-0.05062979608774185,0.39326685518026366,0.0028697466,-0.00504189282655716,0.004430380463600161
9,19968,RPL18A,0.9532197,0.04294064,121.2,225.38056704161517,0.8,0.9,0,B,1.5937297825553414,0.09755768,0.84418803,0.058254324,-6.9612266e-05,0.089685425,0.003379631,0.17696103,0.0,0.42899129167199135,0.3241984,0.1336521642282605,1.0,0.17705071,1.534379698883517e-26,0.4382894441485407,0.012781204,-0.016390155255794524,0.024065120518207563,0.21713968,-0.05405070930719376,0.5022351160645485,0.012384174,-0.0037918478250503537,0.029760168492794052
10,20052,RPS3A,0.95283353,0.033501256,100.8,135.03151895432083,0.8,1.0,0,B,1.6039534188392204,0.09706856,0.8425337,0.060397733,0.0039812983,0.08051664,-0.001070708,0.17328894,0.0,0.4175060331821442,0.32432753,0.13317327769473195,1.0,0.183755,8.78184313204071e-27,0.4547747120261194,0.014351997,-0.010747310519218446,0.03441807925701142,0.21218458,-0.05920434594154358,0.48335282355546955,0.0023951337,-0.00601375550031662,0.000217302143573761
11,20035,RPS17,0.95237195,0.0435724,126.2,234.95616612466247,0.8,0.9,0,B,1.7475884478872084,0.10414481,0.8394173,0.056437932,0.0013521314,0.07671993,0.0009821117,0.1894499,0.0,0.455556632578373,0.32780865,0.12528215423226358,1.0,0.16921808,2.501343574236605e-25,0.4202633306384088,0.012267177,-0.014068780839443207,0.025203506648540507,0.19289453,-0.05298197418451309,0.44848107248544694,0.0054379227,-0.004713872075080871,0.012032134830951696
12,19996,RPL39,0.94899046,0.052151624,157.8,326.38382312853685,0.8,0.9,0,B,1.6167618735202625,0.08337816,0.8592609,0.0573609,-0.0019638836,0.09224949,0.005926484,0.1576946,0.0,0.4104407690465451,0.31518173,0.16102090440690517,1.0,0.17290255,1.3128439715450982e-24,0.4285382717847826,0.012667135,-0.02611343115568161,0.016193976998329168,0.21909387,-0.05488413423299789,0.503890685737133,0.020570537,-0.004107719659805298,0.04985533654689791
13,19967,RPL18,0.9464587,0.04653842,154.7,288.6686104630475,0.8,0.9,0,B,1.865825492041229,0.12798811,0.81738997,0.054621868,0.0024863065,0.03059175,4.5681e-05,0.23007213,0.0,0.5817928284406663,0.34679475,0.09051773622632027,1.0,0.16079615,5.186919515585966e-25,0.4020522914826872,0.0218042,-0.02777057588100433,0.04387392699718477,0.15844122,-0.060019829869270326,0.3818861082196237,0.0036776145,-0.0062816828489303585,0.005901108682155612
14,20000,RPL41,0.9460864,0.07109529,214.9,525.0755395390479,0.8,0.9,0,B,1.5971850340621756,0.06538443,0.8799032,0.054712348,-0.0117006125,0.24595527,0.025005605,0.14699584,6.463489166698219e-44,0.3911801874637605,0.30880058,0.19560068026185037,1.0,0.16678645,3.5916854764083035e-24,0.4132191345095636,0.03575337,-0.08892726302146911,0.0005960509181022644,0.25720766,-0.048747092485427856,0.5444249212741852,0.080056876,-0.002212534844875336,0.19596222415566453
15,20007,RPL9,0.9459861,0.03788811,135.9,193.41518382312526,0.7,0.9,0,B,1.8051451880477725,0.10045819,0.8392404,0.060301375,0.001878965,0.07866686,0.0016738952,0.1794719,0.0,0.43807048350572586,0.32656854,0.1280120426788926,1.0,0.18215206,8.171175171424459e-26,0.4516270726919176,0.01595028,-0.016582290828227996,0.03384810239076616,0.21218525,-0.06401301920413971,0.47775519266724586,0.0076121083,-0.004966320097446441,0.017540951073169716
16,19976,RPL26,0.94420373,0.038103286,142.5,199.55297263856755,0.6,0.9,0,B,1.4847238683199897,0.087876216,0.851117,0.061006814,0.000801754,0.08089189,0.0030589341,0.16057546,0.0,0.39610000029206277,0.31976974,0.14567433251067996,1.0,0.18543734,1.6619383234999637e-25,0.45888913124799746,0.013243769,-0.01390138864517212,0.027088049054145826,0.2202874,-0.06311403214931488,0.4970586776733399,0.011990297,-0.005053672194480896,0.028474645316600815
17,19981,RPL29,0.94323903,0.052171707,178.8,359.0511569864848,0.8,0.9,0,B,1.7271157553721759,0.11799188,0.8266085,0.055399667,-0.0013216317,0.033840667,0.003439796,0.21392958,0.0,0.5326038531959058,0.33860433,0.10446132700890302,1.0,0.16273938,2.641846968409037e-24,0.40644897297024746,0.018890493,-0.03110889196395874,0.03158328980207445,0.15995295,-0.056187772750854494,0.38812027871608745,0.013970843,-0.006956478953361512,0.032949130237102525
18,19970,RPL21,0.9425334,0.033551406,142.3,161.48274761651098,0.5,0.9,0,B,1.5986403076084286,0.086957276,0.84880704,0.06423562,0.00083942414,0.0772139,0.0055053057,0.15522984,0.0,0.37510916590690613,0.3204102,0.1435861721634865,1.0,0.1980429,2.4563303505567813e-27,0.4887277916073801,0.017311132,-0.019900166988372804,0.03483455181121828,0.21998979,-0.07457846701145172,0.49334558695554737,0.019274008,-0.004201538860797882,0.046653591096401235
19,19974,RPL23A,0.9422461,0.03162137,139.3,152.4933878347954,0.6,1.0,0,B,1.6167874211439366,0.104899384,0.8328477,0.06225299,0.0076226117,0.061848473,-0.0025522113,0.18384106,0.0,0.4596470840275288,0.32991758,0.12096481220796705,1.0,0.19032305,7.413091546143179e-27,0.4708916425704958,0.024456253,-0.014946216344833374,0.06026552170515062,0.1997592,-0.08628210872411728,0.43961552381515506,0.006705956,-0.01747703701257706,0.00035140365362167363
20,5746,DCN,0.941271,0.02677763,120.2,105.94841512107044,0.5,1.0,0,Fibroblasts,3.7407833199140548,0.10545824,0.7798395,0.11470226,0.12526658,-0.05233255,-0.004473865,0.11748521,1.7621465048852508e-10,0.27090858966112136,0.32372454,0.11430867351591588,0.9999987661838532,0.23030818,3.7931688989800706e-08,0.6147827811539175,0.16066751,0.0,0.37389084696769714,0.02738275,-0.09201108515262604,-0.009520614147186267,0.013562249,-0.033679111301898955,0.007634620368480686
21,19986,RPL34,0.94125384,0.037636466,157.8,204.2666013925048,0.6,0.9,0,B,1.6324705551767782,0.09248863,0.84548056,0.062030792,-8.740425e-05,0.07885477,0.0058921697,0.1662239,0.0,0.4028068795800209,0.32280985,0.13712850017473102,1.0,0.1899258,1.1602225119395886e-26,0.469507232308388,0.017711477,-0.023955322802066803,0.03322868496179582,0.22055553,-0.0708132803440094,0.4949580475687981,0.020761125,-0.004834806919097901,0.05021106004714968
22,19989,RPL35A,0.94066846,0.04652104,178.8,302.86146447949875,0.8,0.9,0,B,1.6287270283428181,0.11762849,0.8261763,0.05619523,0.0009107053,0.031336285,0.0021714866,0.21177156,0.0,0.5302912563085557,0.3383551,0.10478239394724369,1.0,0.16774504,5.231965052873678e-25,0.4177106767892839,0.020829145,-0.027874454855918884,0.0404711499810219,0.15930606,-0.06769372373819352,0.382305082678795,0.009848242,-0.006475141644477845,0.02269393801689149
23,19978,RPL27,0.9400846,0.04913924,182.4,320.78764176805674,0.7,0.9,0,B,1.7166418134046164,0.117561616,0.82506293,0.05737548,0.003772992,0.026118945,-2.0802022e-06,0.2072287,0.0,0.5111527375876904,0.3361308,0.10927249900996686,1.0,0.16650361,4.309298345609975e-24,0.41711836755275744,0.022648718,-0.02394787073135376,0.049088034033775346,0.15709566,-0.06820769608020782,0.3737257644534112,0.0042145923,-0.007441742718219757,0.006528377532958987
24,20042,RPS23,0.9396659,0.030555084,141.6,136.55296082879752,0.5,1.0,0,B,1.8663599385614764,0.09152298,0.84333056,0.0651464,0.0044194935,0.069850534,0.0003326595,0.15947646,0.0,0.38807743936777117,0.32189333,0.13943684166297318,1.0,0.19850022,9.826414093081972e-27,0.4910853549838068,0.019454617,-0.013041654229164123,0.04530327171087267,0.2163048,-0.07679471224546433,0.4850346870720387,0.003441546,-0.0045445263385772705,0.006700709462165835
25,12362,MT-CO3,0.9382607,0.03813406,144.9,186.14895469309874,0.5,0.9,0,M2,1.9885347238148197,0.05242023,0.88007766,0.06750214,0.029787857,-0.0015595764,-0.0049433885,0.11782,1.9469889593806425e-40,0.31021790951490413,0.30692178,0.20577023699879646,1.0,0.19003473,1.26786592403461e-16,0.48401188850402854,0.06444029,-0.0003121301531791687,0.1706393346190453,0.169334,-0.1264865517616272,0.36147767975926415,0.014870421,-0.03692830055952072,9.365230798721318e-05
26,8109,GNB2L1,0.937148,0.07054901,244.0,443.255882959017,0.7,0.8,0,B,1.5698087688399056,0.17477258,0.7392493,0.08597813,-0.0060805143,0.027530622,0.009030158,0.33332357,0.0,0.8839375957846644,0.40106672,0.0027471182867884634,0.9999998390674592,0.15687516,2.1640340334940818e-33,0.42911270707845695,0.0649489,-0.12678079456090927,0.08727837651968007,0.15152927,-0.04709981083869934,0.35422913581132903,0.013108976,-0.007933796942234039,0.02850930541753769
27,19988,RPL35,0.9368291,0.04383747,185.0,277.62564723022257,0.6,0.9,0,B,1.7203485608363058,0.123825334,0.81738186,0.058792852,0.004397005,0.020977562,5.876422e-05,0.2182132,0.0,0.5523959942162038,0.3433858,0.09710109550505877,1.0,0.17255934,1.2863961927794692e-24,0.4316776454448702,0.028103871,-0.029761797189712523,0.06032584905624392,0.15728961,-0.07636525183916092,0.3686046555638315,0.004370069,-0.0075316354632377625,0.006973536312580112
28,19973,RPL23,0.93440837,0.038305387,171.3,219.3981920314447,0.5,0.9,0,B,1.3670892760143774,0.11768186,0.8219229,0.060395233,0.011015326,0.013659775,-0.004493171,0.2026005,0.0,0.49587886258959774,0.3356477,0.11136599583551288,1.0,0.17101632,9.32317062180841e-24,0.43064448833465596,0.03261553,-0.021212378144264223,0.07833928167819978,0.15347505,-0.0709764912724495,0.3527078807353975,0.011920256,-0.031017810106277466,0.0013838022947311405
29,12360,MT-CO1,0.93432015,0.040456977,163.7,216.31101579798369,0.5,0.9,0,M2,2.03122069213636,0.049357906,0.88169944,0.06894262,0.028044885,-0.0056421966,-0.005082202,0.111897185,8.220643872792162e-41,0.294065696001053,0.306991,0.2082675151526928,1.0,0.19596304,6.96207865564736e-17,0.4976667791604998,0.060078446,-0.00022108256816864012,0.1589910849928856,0.17012791,-0.1362496420741081,0.357876890152693,0.015431767,-0.03820904940366745,9.722560644149784e-05
30,4532,COX7A1,0.9330281,0.047279794,209.4,268.95526269871226,0.6,0.8,0,Endothelial,2.527311474876426,0.1986159,0.6472084,0.1541757,0.14885086,-0.04481061,0.01573189,0.29068798,1.1867157094208999e-28,0.7703457459807398,0.3371837,0.04740937789902091,0.9888267084956169,0.19741637,2.773217905316372e-11,0.5400614447891714,0.17496848,0.0,0.4380599677562714,0.03552509,-0.10893638283014298,-0.012278099358081817,0.0701843,-0.11015048325061798,0.11733735352754594
31,19964,RPL15,0.93291616,0.033616405,176.2,187.60881287046902,0.4,0.9,0,B,1.4640730080286277,0.10928307,0.82706916,0.06364777,0.003431803,0.063701384,0.0022833883,0.19249064,0.0,0.489191596955061,0.3346905,0.11194803239777684,1.0,0.19206649,4.1729671379397723e-26,0.47676350921392463,0.026264453,-0.026017250120639802,0.05640540868043902,0.20910825,-0.08206387609243393,0.4526273801922798,0.009917953,-0.006058673560619354,0.023060454428195962
32,20010,RPLP2,0.93084335,0.04804165,213.2,312.05975211309914,0.5,0.9,0,B,1.7790575193305405,0.069171295,0.86802226,0.062806495,-0.004306364,0.095124006,0.0146438,0.13206151,0.0,0.3459806218743325,0.3107304,0.17895973548293115,1.0,0.19240496,1.3854599262088297e-23,0.47505958676338217,0.018036118,-0.04216120690107346,0.015215829014778144,0.21801278,-0.08425454795360565,0.48731325864791875,0.048585765,-0.005240294337272644,0.11847225278615957
33,3665,CD8A,0.9298938,0.0729257,185.6,283.79068969146175,0.6,0.8,0,CD8Tem,2.028231731816478,0.18847692,0.65155274,0.15997034,0.28935766,0.06014393,-0.015478218,0.15809052,4.825423736781946e-13,0.40736804232001306,0.26392898,0.12044003587216139,0.9710002526640893,0.17863065,3.724049689983744e-05,0.520948512852192,0.21862495,0.0,0.5739798426628113,0.16350484,-0.07359583228826523,0.4009816676378251,0.018190257,-0.050837944447994235,-1.0111927986145003e-05
34,8531,H3F3B,0.92784196,0.088427305,364.1,852.2446766562341,0.6,0.9,0,Mast,2.89190810088918,0.032975346,0.82071954,0.14630511,0.028865809,-0.015121883,0.01634242,0.05346511,0.0,0.12191416304558517,0.30819434,0.15334124821711156,0.9998449414968491,0.28950372,9.276844704437553e-38,0.7741915643215181,0.055107217,0.0,0.13479333817958833,0.17828752,-0.2511048883199692,0.3269527211785318,0.04452939,-0.039896950125694275,0.10424074530601504
35,4528,COX6A2,0.9253396,0.061136074,255.8,303.18157375847676,0.4,0.8,0,Oligodendrocyte,3.698751995729342,0.21857934,0.56924903,0.2121716,0.16673473,-0.051997047,0.047431488,0.32385507,4.394604325611292e-30,0.8631180264055731,0.32757625,0.02137314430437982,0.9805293887853622,0.23179649,1.8314937760832707e-11,0.6090650990605355,0.18815221,-4.6193599700927736e-08,0.46124981641769414,0.054876413,-0.15003157556056976,-0.00413805693387985,0.11539888,-0.12333768904209136,0.22920699864625935
36,19963,RPL14,0.924503,0.047502372,245.7,348.1953634256365,0.4,0.9,0,B,1.4399332247882584,0.12187147,0.81863564,0.059492838,0.0039738356,0.012800401,0.0015422463,0.21287496,0.0,0.5362187050282956,0.34068716,0.10240690987557173,1.0,0.17484924,3.1669066361972346e-24,0.4373015224933626,0.031925604,-0.03461997807025909,0.06675419807434085,0.15834405,-0.09085518419742585,0.3613081544637681,0.008642944,-0.008297479152679444,0.018914827704429635
37,5496,CTSG,0.9239806,0.04370774,157.7,123.5709872457483,0.3,1.0,0,Mast,3.7413594506799357,0.26459983,0.6197432,0.11565691,0.26534078,0.08255497,-0.013900369,0.2428624,1.8875552171948584e-05,0.6716928347945214,0.3038669,0.05888961032032967,0.9567462578415871,0.12142537,0.00017922120714501945,0.35643497742712504,0.22601199,1.7902255058288576e-05,0.5833661392331123,0.23852581,-0.07675091326236724,0.5766993105411531,0.012419724,-0.037426143884658813,-0.0001198425889015196
38,2154,ATP5J,0.92308676,0.10178981,473.6,985.2868956129815,0.7,0.8,0,Oligodendrocyte,1.7129576835460674,0.14135006,0.5329059,0.32574406,0.19061144,-0.014777547,0.19494858,0.21932739,1.768249458659266e-38,0.5848548129200937,0.30435547,0.06257538124918938,0.9553172543644906,0.307447,2.1831818427050674e-13,0.7691023200750351,0.24796939,0.0,0.6244663499295713,0.07798816,-0.1334119662642479,0.1275377675890923,0.2593923,-0.07929137647151947,0.5239962786436081
39,12773,NDUFA4,0.9229603,0.072719514,301.3,397.5530852044234,0.6,0.7,0,Oligodendrocyte,1.8593696304524143,0.15854776,0.5879439,0.25350833,0.16555652,-0.058769695,0.14761174,0.22573063,1.1200903985969867e-31,0.5800769329071046,0.28162715,0.09688711799681188,0.9573417723178864,0.24427395,9.479617568350363e-12,0.625458738207817,0.22202834,0.0,0.5738585472106934,0.06908041,-0.20255561918020248,-0.0068323835730552665,0.220701,-0.09987952560186386,0.46137191951274875
40,10555,LILRB2,0.9213208,0.0663872,204.3,254.91177122901,0.7,0.8,0,Monocyte,2.7474599602150493,0.24010105,0.59640366,0.1634953,0.28550705,0.05327893,-0.014471913,0.2440693,3.681069593727219e-10,0.7086709111928942,0.30278748,0.051583113335073,0.9625456646084786,0.17321375,0.0002147782189240388,0.5018467009067537,0.22447844,0.0,0.5572163254022598,0.18803364,-0.051219607889652255,0.4703919738531114,0.019604186,-0.054666049778461456,0.0006597101688385013
41,20003,RPL7,0.9211712,0.030310847,213.9,191.14302382131442,0.4,0.9,0,B,1.421660969769955,0.10634009,0.8289132,0.06474664,0.004334974,0.054644905,0.0017434179,0.18684734,0.0,0.4754027642309666,0.33234125,0.11707106605172157,1.0,0.19615464,2.3730421408897286e-25,0.48630467653274556,0.028236905,-0.02713569104671478,0.06099559813737872,0.21393362,-0.09411441683769226,0.4575169257819653,0.008448165,-0.006471122801303864,0.01917448043823243
42,23853,USMG5,0.9204834,0.0835082,361.2,548.3901287708717,0.5,0.8,0,Oligodendrocyte,1.8777418350672497,0.13398127,0.5435189,0.32249984,0.17591365,-0.06349456,0.16747548,0.2034151,3.176806342985701e-35,0.5375372134149076,0.3020726,0.08501126393675804,0.9665007114410401,0.29592496,1.919931943462905e-12,0.7233353838324547,0.22583802,0.0,0.5756789475679398,0.08200624,-0.22828977406024933,-0.0034894809126853935,0.24421437,-0.09615877419710159,0.4943120785057545
43,8313,GPX6,0.9203418,0.04579169,166.7,132.89515499905264,0.3,1.0,0,Epithelial,3.285963344266808,0.25659078,0.5901128,0.1532964,0.25853616,0.058573376,-0.01980812,0.27736413,7.335312332545918e-09,0.7953333579003813,0.31610557,0.04512497475370765,0.9699672415852547,0.16850536,0.00021703985912608915,0.47227202504873284,0.22168197,1.3411045074462891e-08,0.5409476310014725,0.18559991,-0.05531741231679917,0.4540405750274659,0.020651631,-0.059117966890335084,-0.0001094758510589598
44,4524,COX4I2,0.9199344,0.056694783,264.3,337.92407102450954,0.4,0.9,0,Fibroblasts,3.719699072080878,0.22173552,0.59219635,0.18606809,0.16448054,-0.05189067,0.022138316,0.3183208,2.446948832504612e-25,0.8451717108488085,0.32773325,0.03452109880745411,0.9807559013366699,0.20254801,6.427774590367364e-10,0.5408645451068879,0.18629196,0.0,0.4678720578551293,0.042817816,-0.12403001934289933,-0.008290344476699825,0.08560475,-0.12872921228408812,0.12559229582548143
45,3609,CD247,0.9191014,0.06837585,211.8,246.45432301611862,0.6,0.8,0,CD8Tem,2.4125830459448485,0.16986579,0.65190804,0.1782262,0.2942403,0.006263274,-0.013372046,0.14471248,1.73600320810105e-14,0.365688157081604,0.25918567,0.13266401849687098,0.9671291574835778,0.19238536,1.4072533821796185e-05,0.567643452435732,0.21370965,0.0,0.5382910773158074,0.111188255,-0.09381234794855117,0.2431983068585397,0.017759975,-0.04760342538356781,0.003363910317420961
46,2957,C4A,0.91883487,0.047091927,203.0,231.78965560275645,0.2,0.9,0,CD8Tcm,2.654261946442459,0.11589122,0.7326081,0.15150067,0.21532726,0.01606833,-0.012587076,0.112462826,8.65567653321334e-10,0.3101651620119811,0.29846615,0.10734123857691884,0.9793057918548584,0.24827382,1.4249968726787188e-06,0.6824249133467677,0.20138736,0.0,0.4981772661209106,0.17955899,-0.15286273807287215,0.4005718849599363,0.028778484,-0.07617593705654144,0.00502668619155884
47,23626,UBA52,0.9186193,0.039257973,224.1,211.58473479908707,0.2,0.9,0,B,1.4199227888261192,0.09832626,0.8296151,0.07205862,0.039079964,-0.020728875,-9.5665455e-06,0.16348203,0.0,0.3842131122946739,0.31991318,0.13819108670577407,0.9999784886837005,0.18773621,1.2869024574644551e-20,0.47759583443403264,0.081605345,-1.0579824447631835e-07,0.2117599964141846,0.14949274,-0.11677455604076385,0.298069128394127,0.024186457,-0.04952870458364487,0.024508233368396762
48,24419,ZAP70,0.918338,0.05005428,192.4,172.86487979536693,0.5,1.0,0,CD8Tem,2.05606391665349,0.3154543,0.5594218,0.12512395,0.26472065,0.07394572,-0.019923443,0.29051337,6.117826418516881e-08,0.7775365352630615,0.29852575,0.05085028260946274,0.9642134264111519,0.09668877,0.0006770787451387151,0.2515406429767609,0.2129027,1.0728836059570313e-07,0.564055785536766,0.19428043,-0.05491371303796768,0.46724716424942025,0.015502577,-0.044896040856838224,-0.0002492561936378475
49,23834,UQCRQ,0.9179595,0.09034601,423.0,686.1446235630244,0.6,0.7,0,Epithelial,1.8198101388701884,0.171869,0.54417115,0.2839599,0.18678455,-0.06242522,0.17212056,0.24835163,3.9693326228503093e-32,0.6457743138074876,0.28210354,0.07958307377994062,0.9460424974560738,0.26349837,7.734990729521552e-12,0.6470361948013306,0.24292465,0.0,0.6204347304999829,0.08780404,-0.2515197113156319,-0.0065151795744895925,0.24903041,-0.10974671691656113,0.4956427961587906
50,15278,RAC3,0.9172184,0.042492732,178.0,109.4085107394403,0.4,1.0,0,Epithelial,3.639619798271063,0.23965049,0.60336316,0.15698634,0.24025366,-0.04002134,-0.006816709,0.26781252,1.4492460346146574e-10,0.7485458947718145,0.30819535,0.06035493528470397,0.9631588801741601,0.16805282,9.622888974263333e-05,0.4865164674818517,0.2036844,2.6822090148925782e-08,0.47366187572479246,0.037974756,-0.08960087150335312,0.02859638929367067,0.032673247,-0.07048644572496414,0.0361947774887085
51,12358,MT-ATP6,0.91668594,0.058454465,279.8,466.2164018278779,0.4,0.9,0,Epithelial,1.3863706849883441,0.037380952,0.8888403,0.073778674,0.011576379,0.14172772,-0.0056568445,0.088974446,1.9618506600569877e-37,0.23334144093096265,0.30442697,0.22324914038181307,1.0,0.2159962,1.4001135830460325e-19,0.5434093892574312,0.02553771,-0.0012273177504539489,0.06770484894514085,0.2696983,-0.1883714020252228,0.4723051056265831,0.017537137,-0.04343749880790711,0.000548304617404938
52,3469,CCDC80,0.9163087,0.018532185,207.6,123.11620526965572,0.3,1.0,0,Fibroblasts,3.73132224973834,0.16654462,0.70655066,0.1269048,0.15927069,-0.06003865,-0.014477551,0.19908835,1.6291046990688125e-08,0.5033621914684773,0.3493613,0.08231749199330807,0.999565540254116,0.21458144,6.628773207921768e-05,0.5752870030701162,0.19402298,0.0,0.42650688961148264,0.03450548,-0.10496303290128708,9.092092514038485e-05,0.029426506,-0.07366613447666168,0.007052378356456756
53,12361,MT-CO2,0.91553247,0.044773676,238.9,263.7344834824938,0.4,0.9,0,M2,2.0617801381459744,0.050443657,0.87931013,0.070246175,0.032807134,-0.024101596,-0.005571055,0.10584413,2.3384336279236105e-40,0.2813082180917264,0.3056107,0.20861846171319484,1.0,0.20147194,8.282526917732507e-17,0.5100733101367952,0.06510706,0.0,0.16763657033443452,0.17128043,-0.1550406038761139,0.3394782796502115,0.017006833,-0.04208398163318634,0.00024307072162628186
54,19957,RPL10A,0.9153932,0.04849066,281.2,384.7471897233299,0.3,0.8,0,B,1.567988808453467,0.11526825,0.8256218,0.059109908,0.00097075105,0.025530016,0.0037939132,0.20435607,0.0,0.514555948227644,0.33554548,0.11184877809137106,1.0,0.17490613,8.494139153169563e-23,0.43625588566064855,0.028997395,-0.04126657545566559,0.05474730134010317,0.16296116,-0.09983587116003037,0.3612982466816903,0.016291257,-0.009945343434810638,0.0379205033183098
55,4726,CST2,0.91514826,0.06403501,226.7,313.04988952774494,0.4,0.9,0,Fibroblasts,3.7399340255875884,0.25009716,0.6127573,0.13714549,0.26794326,0.12914774,-0.023088027,0.25462168,2.324149891386185e-06,0.7495996303856374,0.3192843,0.04668045453727245,0.9572638764977456,0.16718206,4.651763065339765e-05,0.4803101688623429,0.24259445,3.983080387115479e-06,0.6006074458360672,0.2901722,-0.09449853748083115,0.682566373050213,0.02883535,-0.08343972116708756,-5.4232776165008464e-05
56,9668,ITGAX,0.9126908,0.030915042,215.5,148.5397440268279,0.1,0.9,0,M2,1.862852459044883,0.13453552,0.7019535,0.16351102,0.17259748,-0.0051357956,-0.019617576,0.13080783,2.3393368209223555e-08,0.3393778190016747,0.28662127,0.12135967686772346,0.9860884621739388,0.20133696,0.00027376248935979676,0.5740207813680174,0.1784219,1.3411045074462891e-08,0.45602233633399014,0.1560342,-0.11042490750551223,0.33327685520052924,0.035313036,-0.09127247631549835,0.010527889430522923
57,20030,RPS13,0.91156006,0.034581795,261.2,233.26275122940464,0.3,0.8,0,B,1.8017741457549217,0.11057778,0.82235384,0.067068286,0.010776585,-0.0091536585,-0.0012624084,0.1879703,0.0,0.46993341669440275,0.33394855,0.11612142696976661,1.0,0.2005944,2.612883872471484e-25,0.4992248281836512,0.041804932,-0.024670569598674773,0.10014759898185734,0.15625814,-0.11699215769767761,0.3309952333569528,0.0033052207,-0.008068661391735076,0.0012009069323539736
58,14749,PRF1,0.91064703,0.06488267,248.4,281.15405029983117,0.5,0.8,0,CD8Tem,2.9442572022306392,0.25694513,0.5789491,0.16410586,0.29982084,0.022617083,-0.01878584,0.21689689,4.829543232866274e-09,0.5748677879571915,0.26603907,0.09384327828884126,0.9581261768937112,0.13961987,0.0005318280349456472,0.4058161184191704,0.21701331,2.6822090148925782e-08,0.5410127311944962,0.13121347,-0.05139647275209427,0.3096308052539827,0.01863445,-0.054049530625343324,-0.00012278854846954325
59,1737,APOA2,0.9100057,0.05928151,240.8,287.17311851912604,0.4,0.9,0,Epithelial,3.3287384727796367,0.26007882,0.59971124,0.14020991,0.2694443,0.12671772,-0.026394015,0.27459762,6.299192698122624e-06,0.8095354057848455,0.32349682,0.0389393812045455,0.9468333676457406,0.16358343,4.8750496353022756e-05,0.4634364463388921,0.24657185,9.581446647644043e-06,0.602708050608635,0.29373485,-0.08612962812185287,0.6838943697512151,0.029362986,-0.08585539311170579,-4.9357116222381534e-05
60,4460,COLEC11,0.9098848,0.054436475,217.75,182.51563859936314,0.3,0.9,0,Fibroblasts,3.0148186084179085,0.20699258,0.6418867,0.15112069,0.24795878,0.09072712,-0.02170707,0.1970591,3.913182249561942e-05,0.5716427594423296,0.3008719,0.06762873567640781,0.9332380861043931,0.19197889,4.239358004269889e-05,0.5545589849352838,0.22926842,4.065632820129395e-05,0.5660433992743492,0.2529342,-0.11167772114276886,0.5989577859640123,0.020443812,-0.05744675099849701,-4.715472459793084e-05
61,11676,MASP1,0.9089305,0.04795108,211.9,145.9889265207011,0.3,1.0,0,Fibroblasts,3.0515422386249393,0.21338315,0.64049035,0.14612651,0.24286608,0.05325315,-0.017019605,0.21214487,2.7298142549625484e-05,0.6061797440052034,0.30818003,0.06367245092988014,0.9448079064488412,0.18583041,8.476922121190001e-05,0.5341565579175951,0.22647338,2.5995075702667236e-05,0.5531014680862427,0.21066111,-0.10583204627037049,0.4978452861309053,0.016421705,-0.04934985935688019,-7.587820291519153e-05
62,2703,C14ORF2,0.90859205,0.12040096,716.4,1494.7242926744423,0.7,0.7,0,Oligodendrocyte,1.6322109428089893,0.14045952,0.55590045,0.30364,0.19497475,-0.028162599,0.20214018,0.21391137,2.3905243059327267e-39,0.5647134475409986,0.30146372,0.08280762918293477,0.9570433229207993,0.29464337,4.19355270113767e-14,0.7167757496237754,0.254041,0.0,0.6504223167896271,0.06820244,-0.16007822155952453,0.06663361340761188,0.27735162,-0.1092720165848732,0.5558508619666099
63,2143,ATP5B,0.907316,0.1033982,572.3,1087.989690514881,0.5,0.8,0,pDC,1.2970419311444723,0.12143928,0.5684427,0.310118,0.19267026,-0.07793878,0.1806142,0.16933067,2.3464308398487107e-31,0.42771597579121595,0.27527764,0.09325964860618115,0.9597682729363443,0.28379124,9.667313694353141e-12,0.7391524195671082,0.2427411,0.0,0.6268940635025502,0.10465626,-0.29956901222467425,-0.0068689614534378045,0.25978905,-0.09461087584495545,0.5084676198661328
64,3626,CD34,0.9072544,0.04234997,217.6,120.68526560161905,0.3,1.0,0,Endothelial,3.4322471441614835,0.19960126,0.6387081,0.16169065,0.23731875,-0.002268666,-0.014952332,0.2091824,7.501974816012668e-09,0.5737934201955797,0.30534545,0.07967953458428384,0.9688083186745644,0.19766964,0.00035790195679510364,0.5584416411817075,0.21553548,2.6822090148925782e-08,0.5258151672780514,0.11949299,-0.09176804423332215,0.2551273286342622,0.028577866,-0.07643546462059021,0.0032384261488914495
65,5589,CYC1,0.9063759,0.116285235,698.9,1379.3783986516053,0.6,0.7,0,Epithelial,1.682770993979031,0.17956705,0.47176686,0.34866613,0.21391281,-0.07080643,0.18828079,0.2586826,2.3044046128379006e-31,0.6735208362340929,0.28058076,0.07004621401429176,0.9180690690875055,0.3065871,3.822153305660381e-11,0.7405207619071007,0.2655312,0.0,0.669896398484707,0.113600925,-0.3217845395207405,-0.00960336476564407,0.2807881,-0.1226499155163765,0.5367648735642433
66,2155,ATP5J2,0.9056212,0.106894925,608.1,1080.0614643003735,0.6,0.7,0,Epithelial,1.6665591251754743,0.1457665,0.5397518,0.31448165,0.18765739,-0.07303122,0.18196149,0.20960025,6.49951641084847e-34,0.5467778377234936,0.274864,0.10265273451805115,0.9434230118989946,0.28039026,2.66367715644894e-12,0.6805451780557632,0.24153145,0.0,0.6279031425714494,0.10438566,-0.2984887033700943,-0.006370744109153747,0.26413777,-0.11386317908763885,0.5307475790381432
67,3181,CALML3,0.90514964,0.078453906,347.3,599.3186965213083,0.4,0.8,0,Epithelial,3.7416573867739413,0.28930792,0.5775512,0.13314089,0.29491645,0.12400635,-0.026605178,0.30343089,2.092419707586807e-08,0.8721808329224587,0.3227484,0.022973241982981563,0.9705331072211266,0.1422478,0.00016303324900945881,0.3703785039484501,0.2457966,5.3644180297851564e-08,0.6149056762456894,0.2807785,-0.07631949931383133,0.6706436194479466,0.036319334,-0.10291481763124466,-0.0001605182886123655
68,8312,GPX5,0.90502846,0.056926634,252.5,219.84097788072987,0.2,0.8,0,Epithelial,3.219162430021182,0.24971084,0.5810774,0.16921179,0.27124014,0.04534183,-0.023609096,0.2659654,6.33353762729931e-09,0.7619793325662615,0.30640185,0.053941643331199884,0.9648979529738426,0.17906533,0.00027282932060188617,0.504315545409918,0.21801002,1.3411045074462891e-08,0.539081159234047,0.17600606,-0.06339029520750046,0.4239652313292028,0.025613066,-0.07443645894527436,-0.00015516430139541604
69,23227,TREML1,0.9046887,0.06250772,273.8,302.88531016064667,0.3,0.9,0,pDC,3.2915852149111466,0.2930867,0.5800604,0.12685283,0.27147642,0.11612773,-0.026560605,0.2877215,5.659405223923386e-05,0.8445614770054819,0.31464493,0.032794514065608384,0.9204032093286515,0.13180573,7.879696968302597e-05,0.378961979597807,0.24127929,6.520897150039673e-05,0.6025164663791657,0.27700117,-0.08090979605913162,0.6472805775702001,0.025769651,-0.07664514034986496,-7.360726594924917e-05
70,2145,ATP5D,0.90418184,0.12829296,840.9,1839.5283483666253,0.7,0.7,0,pDC,1.3989297394184212,0.15295799,0.5612646,0.28577745,0.19810762,-0.028651152,0.2033778,0.22810763,2.5864187897205527e-39,0.6025286771357061,0.29349494,0.07305200211703777,0.9579555153846742,0.2871102,1.7107606597890988e-14,0.7266959041357041,0.26006275,0.0,0.6547445297241211,0.07254386,-0.16695765405893326,0.07465824410319331,0.27252844,-0.10724593847990035,0.5506624400615692
71,23829,UQCRC1,0.9037244,0.1034325,605.2,1007.0371062345884,0.6,0.7,0,cDC2,1.9129213109309218,0.17608114,0.48602718,0.33789164,0.2057468,-0.069587715,0.17805989,0.24885817,1.2340453144244571e-29,0.6416261315345766,0.27246147,0.08008347302675248,0.9188402980566026,0.28888232,2.0318509652561544e-10,0.6839229360222816,0.2558641,0.0,0.6538936033844949,0.09729018,-0.2833818331360817,-0.012967878580093382,0.2750798,-0.12751499712467193,0.5273390807211399
72,3620,CD300LB,0.90336883,0.07962077,351.9,513.0318270395663,0.3,0.8,0,pDC,2.9204289654135924,0.25537357,0.591447,0.15317947,0.28986588,0.11454473,-0.029472638,0.25106293,3.938201439268596e-06,0.7401116266846659,0.30684775,0.049255102127790454,0.9303817883133889,0.17712462,3.182004425070773e-05,0.5144247300922872,0.23807143,6.89476728439331e-06,0.5911665916442871,0.26487836,-0.07607964873313904,0.6329793073236943,0.032069195,-0.0914376437664032,-3.0113756656646682e-05
73,4728,CST4,0.90325105,0.07645329,342.8,521.8177204094677,0.4,0.8,0,Fibroblasts,3.549079158251342,0.28169173,0.58869153,0.12961681,0.28744692,0.11950848,-0.025057394,0.28246883,2.6910946282043826e-06,0.8281248778104784,0.3200771,0.03990451833233237,0.9543226018548012,0.14081854,5.473365217767423e-05,0.3933042578399182,0.24601573,5.109608173370362e-06,0.6164603009819984,0.28050137,-0.08662844598293304,0.6601852327585221,0.0316989,-0.09178499579429626,-5.7940185070037756e-05
74,9762,JUN,0.90323365,0.03571138,256.2,196.42912207715025,0.1,0.9,0,Fibroblasts,2.4191482332714105,0.07057245,0.7642575,0.16517003,0.0977728,-0.077321805,0.021847611,0.112028785,1.7928787143440601e-16,0.27406854182481766,0.28166494,0.17418538331985475,0.9913388520479203,0.21198481,2.8413478574407237e-07,0.5989897385239603,0.175889,0.0,0.4487711898982525,0.049391836,-0.14753198474645615,-0.00913039743900299,0.06834928,-0.05559493601322174,0.15787457823753362
75,22642,TMEM119,0.90280324,0.057874415,260.5,248.07133830591735,0.1,0.8,0,Fibroblasts,3.739406356852721,0.22634907,0.61823356,0.15541741,0.2547269,0.08477308,-0.02684977,0.2063819,1.2378421854464251e-05,0.5960093185305596,0.2907763,0.07753226198256016,0.9319627419114114,0.17804667,0.00013967827544547617,0.5193708442151548,0.22545396,1.625567674636841e-05,0.56084004342556,0.23759133,-0.08871934860944748,0.5620826840400697,0.025528159,-0.07427641302347184,-0.00012137144804000836
76,20304,SCARA5,0.9025634,0.07949409,383.7,527.3963405257947,0.3,0.8,0,Fibroblasts,3.7376456749799107,0.15555577,0.6299786,0.21446562,0.25336245,0.0821207,-0.03905595,0.22704569,2.3789604639566844e-23,0.6373291738331319,0.32506064,0.044442623294889926,0.9852714836597443,0.26631814,5.3142534355704596e-08,0.7405964225530626,0.22219953,0.0,0.5322860345244408,0.23785858,-0.13177325576543808,0.5674375757575036,0.047872994,-0.12123787105083465,-2.682209014892574e-08
77,3184,CALML5,0.9025086,0.08259519,383.7,674.8352967782419,0.4,0.8,0,Epithelial,3.718519810370359,0.2913534,0.57527816,0.1333684,0.29448178,0.121266946,-0.02702812,0.30555132,2.438158792535117e-08,0.8784997180104257,0.32234392,0.02056976119056344,0.9688178479671479,0.14233847,0.0001639186053580488,0.3671523742377758,0.24537253,8.046627044677735e-08,0.6160288020968437,0.27714136,-0.07685156762599946,0.6629717752337456,0.037152234,-0.10488127917051315,-0.00016031265258789038
78,23083,TPSD1,0.9022315,0.075169764,340.3,422.38319884515613,0.4,0.8,0,Mast,3.7411344141534255,0.14510436,0.6845687,0.17032692,0.26366132,0.107683346,-0.03666144,0.1092771,7.138324887856484e-07,0.31251678206026556,0.2611743,0.1443703460507095,0.9551294937729836,0.2512259,1.305502067765474e-05,0.7039695590734484,0.20239818,1.099705696105957e-06,0.5224457651376725,0.2895964,-0.166933137178421,0.6698431611061098,0.05445853,-0.14858407378196717,-1.2351572513580303e-05
79,23826,UQCR10,0.9019893,0.100455284,585.1,999.3553977995573,0.5,0.7,0,M2,1.7661994703874238,0.15526839,0.5849676,0.25976402,0.18479702,-0.07818254,0.17432174,0.21894749,1.9405235598159007e-32,0.5594050563871862,0.2733933,0.09409621879458427,0.9598179206252099,0.24302574,6.003215632932602e-12,0.6382058143615723,0.24034128,0.0,0.6203741431236268,0.10031289,-0.2924767330288887,-0.01046413481235504,0.25086364,-0.11173703372478486,0.5156581625342369
80,20704,SHFM1,0.9017976,0.112939686,688.8,1309.5582630965466,0.6,0.7,0,Epithelial,2.5550664120066964,0.1905887,0.46229678,0.3471145,0.20069656,-0.06880128,0.20664378,0.28560653,6.406526276180835e-33,0.7486509822309019,0.2856612,0.054582719970494506,0.9285764753818513,0.30549613,7.09255587203958e-11,0.7278774425387383,0.26312748,-4.6193599700927736e-08,0.6682944446802139,0.10911346,-0.30982499569654465,-0.006391979753971096,0.2857533,-0.11172356754541397,0.5591110900044441
81,23831,UQCRFS1,0.9014532,0.12596045,843.8,1789.7968723976596,0.6,0.7,0,pDC,1.7892121579482743,0.164825,0.5054453,0.32972962,0.20597377,-0.07740829,0.18870139,0.23446098,2.0893638463646526e-32,0.6051596984267236,0.277302,0.08085251674056054,0.9252352342009545,0.29238564,1.593335238053717e-11,0.6932015210390091,0.25917977,0.0,0.6608868896961213,0.12464206,-0.3525920554995537,-0.00908158868551254,0.27523494,-0.11690255999565125,0.5373256117105484
82,847,ACAN,0.9014279,0.09147373,432.1,717.5238981695625,0.4,0.8,0,Fibroblasts,3.554246548138755,0.24170995,0.60049665,0.15779337,0.29934764,0.11513815,-0.026167,0.23266691,4.877104067002591e-06,0.6806988045573236,0.30701566,0.04580169394612313,0.9518329575657845,0.19907103,3.9121204372349895e-05,0.5726009957492353,0.24567297,9.401142597198486e-06,0.6049018561840057,0.26614818,-0.09157600551843643,0.6377480745315552,0.035108123,-0.09707896262407303,-4.306733608245843e-05
83,7353,FCN2,0.9012454,0.060530778,275.8,258.6425246465777,0.3,0.8,0,Endothelial,3.7244730263675754,0.23405921,0.6091954,0.15674528,0.26398826,0.08660343,-0.026086157,0.22277707,3.09618221024266e-05,0.6493497133255006,0.29991624,0.06086790394037962,0.9323088109493256,0.18627813,0.00011440221496741288,0.5407971881330015,0.22918811,3.64348292350769e-05,0.5670716822147369,0.24528338,-0.09817147701978683,0.5845636650919915,0.024752598,-0.071904456615448,-0.0001133784651756285
84,3205,CAMP,0.90092593,0.09269268,448.3,694.5446229964879,0.4,0.7,0,M2,3.7228325041318757,0.27499467,0.5795947,0.14541064,0.3064734,0.09614729,-0.022452991,0.26949257,1.773799588100644e-07,0.7911587357521058,0.30894834,0.041249176114797594,0.9551115214824677,0.15536176,0.00011259849570706137,0.437209002673626,0.23960939,4.291534423828125e-07,0.6035371243953704,0.2406455,-0.07669983208179473,0.5928191415965558,0.025206558,-0.07231712639331818,-9.77098941802977e-05
85,2157,ATP5L,0.90071666,0.09873068,548.0,862.4869725264132,0.4,0.7,0,pDC,2.061810525746334,0.15841112,0.66417307,0.17741576,0.057092242,-0.02108776,0.069566205,0.29307997,0.0,0.7738900750875475,0.35945347,0.03291034176945687,0.9975300341844558,0.22072881,2.974487187022303e-22,0.573775626718998,0.11193886,0.0,0.30279875844717036,0.15712409,-0.253818054497242,0.26560062021017083,0.113950364,-0.08188360184431076,0.231061090528965
86,19980,RPL28,0.900574,0.034997042,311.5,264.8216380887332,0.3,0.8,0,B,1.4739172457733225,0.08807149,0.84141827,0.07051024,0.00576517,0.039103925,0.008257246,0.14685978,0.0,0.3531733058393002,0.31966907,0.14744522254914047,1.0,0.21473819,5.402906671521896e-26,0.531727083027363,0.03814766,-0.02754959911108017,0.0851597756147385,0.21965204,-0.13339217156171798,0.45008364468812945,0.029286856,-0.00773470252752304,0.07079158723354342
87,8834,HLA-DQB2,0.90055406,0.082593426,374.8,480.5961113265714,0.4,0.8,0,pDC,3.1731069911823324,0.14264135,0.6531498,0.20420882,0.28812414,0.07924912,-0.030727874,0.16762604,2.2336534352053577e-19,0.4764668561518193,0.29706773,0.08381687346845866,0.977512013912201,0.25523633,1.7493549611304754e-06,0.7315411560237409,0.21713042,0.0,0.5476682424545288,0.22648692,-0.08913162648677826,0.556612614542246,0.040541753,-0.11595387160778045,-7.24196434020995e-07
88,10214,KLRD1,0.90047455,0.07127668,346.1,446.5495990866462,0.2,0.8,0,CD8Tem,3.058942242631863,0.2483532,0.57196236,0.1796844,0.31069857,0.04352337,-0.02729569,0.24342154,4.588601315328738e-11,0.686393915116787,0.28417453,0.0702698402106762,0.9636408552527428,0.15584628,0.00017370457919696491,0.429522304981947,0.2224299,0.0,0.5384432315826416,0.16351676,-0.06246547102928161,0.38868847563862813,0.025494432,-0.07298527210950852,-4.8390030860900806e-05
89,8315,GPX8,0.9003895,0.037011106,242.6,95.27993842707218,0.0,1.0,0,Fibroblasts,3.643056732054782,0.20790978,0.62430704,0.16778316,0.23050722,-0.002442062,-0.02036317,0.22723198,3.1256641991133338e-09,0.6403413116931916,0.30425194,0.07573579475283623,0.9636804029345513,0.18450719,0.0004065120952873258,0.5245186388492585,0.20803349,0.0,0.5007099241018296,0.120166294,-0.09276090413331986,0.2557988941669465,0.030163163,-0.08496705740690232,-8.113980293273913e-05
90,6407,EEF1A1,0.90037096,0.036501482,322.05,293.9681057907851,0.1,0.8,0,B,1.6816288409607665,0.03463293,0.88697255,0.07839462,0.0037204088,0.1653434,-0.0006925881,0.06913752,0.0,0.18530164267867807,0.3097415,0.21107085943222045,1.0,0.24561125,7.757232951380342e-26,0.6036274597048762,0.008836041,-0.0026563167572021484,0.022727057337760932,0.2651024,-0.14364741295576094,0.4904039017856121,0.0017530582,-0.0045748516917228695,0.00028193891048431405
91,3564,CCR7,0.8991996,0.06316677,308.4,282.5495826694258,0.2,0.7,0,B,2.3586862067791476,0.25748688,0.5781627,0.16435046,0.26509982,0.019566745,-0.022847539,0.20467028,3.09332529866424e-06,0.5226119831204414,0.25185314,0.11332070603966712,0.9298063412308694,0.12908381,0.0004848202046559891,0.3771907355636359,0.20317101,4.282593727111817e-06,0.5500233098864555,0.13941643,-0.05916350930929184,0.3212803974747659,0.018074837,-0.05050030499696732,-0.0002091303467750546
92,3970,CFP,0.8990509,0.04825993,272.6,165.17546226160025,0.3,1.0,0,pDC,2.635429076013598,0.18949111,0.65618587,0.15432301,0.24383494,0.0075731995,-0.013056695,0.18693747,6.59815448500467e-06,0.5401726685464383,0.30273384,0.07119330912828445,0.9439962103962899,0.1943695,8.407753957726528e-05,0.5546073615550996,0.21432896,6.468594074249268e-06,0.5323294252157211,0.17618348,-0.1280389592051506,0.3889968365430833,0.018280884,-0.050265350937843324,0.005302216112613681
93,14744,PRELP,0.8987826,0.026176978,301.5,186.25743833021363,0.2,0.8,0,Fibroblasts,3.737527393786005,0.2378285,0.6489333,0.11323824,0.1761626,-0.014425987,-0.013218397,0.26116097,0.0022283322985458655,0.685829044878483,0.34066713,0.06678626164793969,0.9674105122685432,0.13669017,0.0015979396761395038,0.3835087597370148,0.21607511,-0.0008389085531234741,0.5027495183050633,0.12448829,-0.12865282744169235,0.24529168903827675,0.018811967,-0.04634183794260025,0.002676871418952943
94,7537,FMOD,0.89828956,0.026168687,270.6,109.3152424057241,0.2,1.0,0,Fibroblasts,3.7268726449513476,0.2470351,0.6046233,0.14834163,0.199725,0.07073081,-0.0276169,0.23335226,0.0034617264693224572,0.6523960068821908,0.29973915,0.07012307196855545,0.9108561754226685,0.15019111,0.0013200461748056115,0.4301195904612542,0.22567335,-0.0006778508424758912,0.5416052520275116,0.24062464,-0.10500586181879043,0.5621289998292924,0.02112359,-0.05405482202768326,-0.000984397530555724
95,20040,RPS20,0.89821184,0.037619356,320.7,255.39949099401116,0.2,0.9,0,B,1.5803780480473983,0.100585416,0.82882583,0.07058877,0.012384176,0.023810005,-0.0006715298,0.16727245,0.0,0.40664994269609456,0.327021,0.13180473037064078,1.0,0.21328041,5.0282871464599405e-26,0.5290912732481958,0.045926247,-0.02045655846595764,0.11090799719095235,0.20353466,-0.1376081109046936,0.4002693131566048,0.002478163,-0.006081511080265045,0.0013051941990852357
96,15361,RARRES2,0.8981703,0.023697045,315.8,201.85076995972378,0.3,0.8,0,Fibroblasts,3.7310104828308384,0.18382236,0.7198452,0.09633253,0.14631335,-0.07829248,-0.013266265,0.2113843,3.203574914323326e-06,0.5184627540409565,0.34762105,0.10084480978548527,0.9997703567147255,0.16869693,3.3711376363498855e-05,0.43755372017622,0.1831117,-6.914138793945312e-07,0.4271013528108597,0.034372285,-0.11799634397029876,-0.018062806129455558,0.023775032,-0.05971026718616486,0.0017443224787712104
97,3652,CD7,0.8981563,0.04860195,359.8,393.51684984395666,0.2,0.8,0,CD8Tem,1.947152281410417,0.31661114,0.6247514,0.058637492,0.15800592,-0.037482597,-0.007968563,0.31846496,2.9684744379210316e-05,0.838637875020504,0.32917267,0.05879754200577736,0.9851488649845124,0.04150446,0.0008654888762976043,0.10369050335139036,0.17292145,3.935396671295166e-06,0.4848046511411668,0.06434177,-0.1202750027179718,0.08806164860725407,0.010532938,-0.022851599752902983,0.005038659274578096
98,10231,KNG1,0.8978373,0.07420093,358.0,402.21939839401637,0.3,0.7,0,Epithelial,3.220669911474539,0.31688765,0.5721453,0.11096714,0.27473918,0.11024769,-0.024026895,0.30426413,0.0005508306516276207,0.8745625942945481,0.3173452,0.02678589466959238,0.9131423637270928,0.10992994,0.00011678931550704875,0.30325047597289084,0.24771273,0.00037456154823303225,0.6267773315310479,0.27545503,-0.10048248022794723,0.6369266912341118,0.028197486,-0.08225965201854706,-0.000125165283679962
99,2820,C1R,0.89764273,0.05875694,368.8,426.32116219269875,0.3,0.8,0,Fibroblasts,3.7248035146736207,0.07125373,0.8034229,0.12532341,0.1373554,-0.08562935,-0.012982452,0.07927426,2.860369032776922e-10,0.17422469332814217,0.31726274,0.1328022176399827,0.999922190606594,0.26286542,3.4769489460018122e-06,0.7037955284118654,0.16767563,0.0,0.39813743680715563,0.06327928,-0.19874191284179688,-0.0065672874450683535,0.032168828,-0.08419866859912872,0.004848092794418337
100,12310,MS4A10,0.8972748,0.063662305,319.5,312.258173098266,0.3,0.8,0,Epithelial,2.6331582613371585,0.2821514,0.58687204,0.13097651,0.26622647,0.11291331,-0.029669672,0.2856337,0.0003573828682419844,0.8381926894187929,0.31595674,0.031868907436728475,0.8875428766012192,0.13808443,3.998502579634078e-05,0.40382425561547286,0.24295832,0.00029890388250350955,0.6096209466457367,0.28155655,-0.09065757244825363,0.6400598496198655,0.027942609,-0.08116933405399322,-4.298985004425043e-05
