Method,K,Hits_mean,Hits_std,Precision_mean,Precision_std,Recall_mean,Recall_std,Enrichment_Factor_mean,Enrichment_Factor_std
Logistic regression,10,1.0,0.0,0.10000000000000002,0.0,0.0008445945945945946,0.0,2.1319256756756757,0.0
Logistic regression,20,4.666666666666667,1.5275252316519468,0.2333333333333333,0.07637626158259733,0.003941441441441442,0.0012901395537600903,4.974493243243243,1.6282851308006097
Logistic regression,50,16.666666666666668,0.5773502691896263,0.3333333333333333,0.011547005383792533,0.014076576576576577,0.0004876269165452918,7.106418918918919,0.2461735725487252
Logistic regression,100,33.0,1.7320508075688772,0.33,0.01732050807568873,0.027871621621621625,0.0014628807496358765,7.03535472972973,0.3692603588230867
Logistic regression,200,59.0,1.7320508075688772,0.295,0.008660254037844393,0.049831081081081086,0.0014628807496358783,6.289180743243243,0.18463017941154444
Logistic regression,500,100.66666666666667,4.04145188432738,0.20133333333333334,0.008082903768654741,0.08502252252252251,0.0034133884158170365,4.292277027027027,0.17232150078410763
Network-degree logistic,10,9.333333333333334,1.1547005383792515,0.9333333333333332,0.11547005383792512,0.007882882882882884,0.000975253833090584,19.897972972972976,2.461735725487251
Network-degree logistic,20,16.0,1.0,0.7999999999999999,0.04999999999999993,0.013513513513513514,0.0008445945945945942,17.055405405405406,1.0659628378378383
Network-degree logistic,50,37.333333333333336,1.154700538379251,0.7466666666666667,0.023094010767585042,0.031531531531531536,0.0009752538330905826,15.918378378378378,0.4923471450974504
Network-degree logistic,100,65.0,0.0,0.65,0.0,0.05489864864864865,0.0,13.857516891891892,0.0
Network-degree logistic,200,112.33333333333333,1.5275252316519463,0.5616666666666666,0.007637626158259677,0.09487612612612613,0.0012901395537600867,11.974315878378379,0.16282851308005894
Network-degree logistic,500,236.33333333333334,3.2145502536643145,0.4726666666666666,0.006429100507328648,0.19960585585585586,0.0027149917682975544,10.076902027027026,0.137063644430734
PPI-GAT + nnPU,10,1.3333333333333333,1.1547005383792517,0.13333333333333333,0.11547005383792516,0.0011261261261261261,0.0009752538330905842,2.8425675675675675,2.4617357254872525
PPI-GAT + nnPU,20,4.333333333333333,3.0550504633038935,0.21666666666666665,0.15275252316519464,0.0036599099099099103,0.0025802791075201807,4.619172297297297,3.2565702616012193
PPI-GAT + nnPU,50,8.333333333333334,3.7859388972001824,0.16666666666666666,0.07571877794400364,0.007038288288288288,0.003197583528040695,3.5532094594594597,1.6142680682960644
PPI-GAT + nnPU,100,11.666666666666666,3.5118845842842465,0.11666666666666665,0.03511884584284246,0.009853603603603605,0.002966118736726559,2.487246621621621,0.748707691524518
PPI-GAT + nnPU,200,23.666666666666668,6.027713773341707,0.11833333333333333,0.030138568866708536,0.01998873873873874,0.005090974470727794,2.5227787162162163,0.6425318879505548
PPI-GAT + nnPU,500,64.0,3.605551275463989,0.128,0.007211102550927985,0.05405405405405406,0.0030452291177905304,2.7288648648648652,0.15373534678253734
PPI-GCN + nnPU,10,1.6666666666666667,2.8867513459481287,0.16666666666666666,0.2886751345948129,0.0014076576576576578,0.00243813458272646,3.5532094594594597,6.154339313718131
PPI-GCN + nnPU,20,2.3333333333333335,3.214550253664318,0.11666666666666665,0.16072751268321592,0.001970720720720721,0.002714991768297566,2.4872466216216216,3.426591110768358
PPI-GCN + nnPU,50,5.0,1.7320508075688772,0.09999999999999999,0.034641016151377546,0.004222972972972973,0.0014628807496358761,2.1319256756756757,0.7385207176461757
PPI-GCN + nnPU,100,10.666666666666666,2.5166114784235836,0.10666666666666667,0.025166114784235832,0.009009009009009009,0.002125516451371269,2.2740540540540537,0.5365228626551358
PPI-GCN + nnPU,200,24.666666666666668,6.027713773341708,0.12333333333333334,0.030138568866708543,0.020833333333333332,0.005090974470727794,2.629375,0.6425318879505548
PPI-GCN + nnPU,500,45.333333333333336,9.29157324317757,0.09066666666666667,0.018583146486355142,0.038288288288288286,0.007847612536467544,1.932945945945946,0.3961788712910275
PPI-GraphSAGE + nnPU,10,3.6666666666666665,0.5773502691896258,0.3666666666666667,0.057735026918962595,0.003096846846846847,0.0004876269165452921,7.817060810810811,1.2308678627436263
PPI-GraphSAGE + nnPU,20,8.0,1.0,0.39999999999999997,0.05000000000000001,0.006756756756756757,0.0008445945945945946,8.527702702702703,1.0659628378378379
PPI-GraphSAGE + nnPU,50,20.333333333333332,2.5166114784235836,0.4066666666666667,0.05033222956847168,0.017173423423423425,0.002125516451371268,8.669831081081082,1.0730457253102723
PPI-GraphSAGE + nnPU,100,35.333333333333336,1.5275252316519456,0.35333333333333333,0.01527525231651946,0.029842342342342343,0.0012901395537600895,7.532804054054054,0.325657026160122
PPI-GraphSAGE + nnPU,200,58.666666666666664,2.081665999466132,0.2933333333333333,0.010408329997330679,0.04954954954954955,0.0017581638509004504,6.253648648648649,0.22189785962214592
PPI-GraphSAGE + nnPU,500,124.33333333333333,2.081665999466134,0.24866666666666667,0.004163331998932266,0.10501126126126126,0.0017581638509004528,5.301388513513513,0.0887591438488587
RWR (STRING graph),10,7.333333333333333,0.5773502691896257,0.7333333333333334,0.05773502691896262,0.006193693693693694,0.000487626916545292,15.634121621621622,1.2308678627436274
RWR (STRING graph),20,14.333333333333334,0.5773502691896258,0.7166666666666667,0.028867513459481322,0.012105855855855857,0.00048762691654529204,15.278800675675674,0.615433931371814
RWR (STRING graph),50,34.0,1.0,0.68,0.01999999999999999,0.028716216216216218,0.0008445945945945955,14.497094594594595,0.42638513513513443
RWR (STRING graph),100,64.66666666666667,1.5275252316519485,0.6466666666666666,0.015275252316519494,0.054617117117117114,0.0012901395537600888,13.786452702702704,0.325657026160122
RWR (STRING graph),200,127.66666666666667,0.5773502691896278,0.6383333333333333,0.0028867513459481155,0.10782657657657657,0.0004876269165452971,13.60879222972973,0.06154339313718101
RWR (STRING graph),500,286.6666666666667,6.80685928555404,0.5733333333333334,0.013613718571107998,0.24211711711711711,0.0057490365587449755,12.22304054054054,0.29023436163167965
Random forest,10,2.3333333333333335,0.5773502691896257,0.2333333333333333,0.05773502691896256,0.001970720720720721,0.000487626916545292,4.974493243243243,1.2308678627436258
Random forest,20,5.333333333333333,1.5275252316519468,0.26666666666666666,0.07637626158259732,0.0045045045045045045,0.0012901395537600903,5.685135135135135,1.628285130800609
Random forest,50,13.0,1.0,0.26,0.020000000000000018,0.01097972972972973,0.0008445945945945946,5.543006756756757,0.42638513513513576
Random forest,100,26.0,0.0,0.26,0.0,0.02195945945945946,0.0,5.543006756756757,0.0
Random forest,200,52.333333333333336,4.041451884327381,0.26166666666666666,0.02020725942163692,0.04420045045045046,0.0034133884158170447,5.578538851351351,0.4308037519602698
Random forest,500,108.33333333333333,8.082903768654763,0.21666666666666667,0.016165807537309517,0.09149774774774776,0.006826776831634087,4.619172297297298,0.34464300156821565
ctMV-GCN (dual attention + nnPU),10,3.6666666666666665,1.1547005383792515,0.3666666666666667,0.11547005383792516,0.003096846846846847,0.0009752538330905841,7.817060810810811,2.461735725487253
ctMV-GCN (dual attention + nnPU),20,7.333333333333333,1.1547005383792517,0.3666666666666667,0.05773502691896262,0.006193693693693694,0.0009752538330905842,7.817060810810811,1.2308678627436263
ctMV-GCN (dual attention + nnPU),50,18.0,3.605551275463989,0.36000000000000004,0.07211102550927978,0.015202702702702705,0.003045229117790532,7.674932432432432,1.5373534678253717
ctMV-GCN (dual attention + nnPU),100,30.666666666666668,4.041451884327381,0.30666666666666664,0.04041451884327378,0.0259009009009009,0.0034133884158170443,6.537905405405405,0.8616075039205378
ctMV-GCN (dual attention + nnPU),200,56.333333333333336,4.932882862316248,0.2816666666666667,0.024664414311581218,0.04757882882882883,0.004166286201280614,6.004923986486486,0.5258269814636259
ctMV-GCN (dual attention + nnPU),500,114.0,21.0,0.228,0.04200000000000001,0.09628378378378379,0.01773648648648649,4.860790540540541,0.8954087837837842
ctMV-GCN (equal fusion + nnPU),10,2.3333333333333335,0.5773502691896258,0.2333333333333333,0.05773502691896256,0.001970720720720721,0.0004876269165452921,4.974493243243243,1.2308678627436263
ctMV-GCN (equal fusion + nnPU),20,5.0,2.0,0.25,0.09999999999999999,0.004222972972972973,0.0016891891891891893,5.329814189189189,2.1319256756756753
ctMV-GCN (equal fusion + nnPU),50,15.666666666666666,4.725815626252608,0.3133333333333333,0.09451631252505216,0.01323198198198198,0.003991398332983621,6.680033783783784,2.0150175344234516
ctMV-GCN (equal fusion + nnPU),100,28.333333333333332,7.571877794400365,0.2833333333333333,0.07571877794400364,0.023930180180180182,0.00639516705608139,6.040456081081081,1.614268068296064
ctMV-GCN (equal fusion + nnPU),200,41.666666666666664,5.8594652770823155,0.20833333333333334,0.029297326385411576,0.03519144144144144,0.004948872700238443,4.441511824324324,0.6245972234970941
ctMV-GCN (equal fusion + nnPU),500,63.666666666666664,2.0816659994661326,0.12733333333333333,0.004163331998932268,0.05377252252252252,0.001758163850900449,2.714652027027027,0.08875914384885852
ctMV-GCN (local attention + class-weighted CE),10,1.3333333333333333,1.5275252316519465,0.13333333333333333,0.15275252316519466,0.0011261261261261261,0.0012901395537600901,2.8425675675675675,3.256570261601219
ctMV-GCN (local attention + class-weighted CE),20,6.333333333333333,0.5773502691896257,0.31666666666666665,0.028867513459481266,0.0053490990990991,0.000487626916545292,6.751097972972972,0.6154339313718127
ctMV-GCN (local attention + class-weighted CE),50,19.333333333333332,5.507570547286101,0.3866666666666667,0.11015141094572202,0.01632882882882883,0.004651664313586234,8.243445945945947,2.348346212070875
ctMV-GCN (local attention + class-weighted CE),100,38.666666666666664,5.507570547286101,0.38666666666666666,0.05507570547286103,0.03265765765765766,0.004651664313586234,8.243445945945945,1.1741731060354377
ctMV-GCN (local attention + class-weighted CE),200,68.33333333333333,7.094598884597589,0.3416666666666666,0.03547299442298794,0.057713963963963964,0.00599205986874796,7.2840793918918925,0.7562578760346811
ctMV-GCN (local attention + class-weighted CE),500,159.0,6.557438524302,0.318,0.013114877048604014,0.13429054054054054,0.005538377132011832,6.779523648648649,0.2795994311324851
