repeat,Method,K,Candidate_Pool_Size,Positive_Targets,Hits,Precision,Recall,Enrichment_Factor,Random_Expected_Hits,Random_Precision
0,Logistic regression,10,25242,1184,1,0.1,0.0008445945945945946,2.1319256756756757,0.4690595040012677,0.046905950400126774
0,Logistic regression,20,25242,1184,5,0.25,0.004222972972972973,5.3298141891891895,0.9381190080025354,0.046905950400126774
0,Logistic regression,50,25242,1184,17,0.34,0.014358108108108109,7.248547297297297,2.345297520006339,0.046905950400126774
0,Logistic regression,100,25242,1184,35,0.35,0.02956081081081081,7.461739864864864,4.690595040012678,0.046905950400126774
0,Logistic regression,200,25242,1184,60,0.3,0.05067567567567568,6.395777027027027,9.381190080025355,0.046905950400126774
0,Logistic regression,500,25242,1184,96,0.192,0.08108108108108109,4.093297297297298,23.45297520006339,0.046905950400126774
0,Network-degree logistic,10,25242,1184,8,0.8,0.006756756756756757,17.055405405405406,0.4690595040012677,0.046905950400126774
0,Network-degree logistic,20,25242,1184,17,0.85,0.014358108108108109,18.121368243243243,0.9381190080025354,0.046905950400126774
0,Network-degree logistic,50,25242,1184,36,0.72,0.030405405405405407,15.349864864864864,2.345297520006339,0.046905950400126774
0,Network-degree logistic,100,25242,1184,65,0.65,0.05489864864864865,13.857516891891892,4.690595040012678,0.046905950400126774
0,Network-degree logistic,200,25242,1184,114,0.57,0.09628378378378379,12.15197635135135,9.381190080025355,0.046905950400126774
0,Network-degree logistic,500,25242,1184,234,0.468,0.19763513513513514,9.977412162162162,23.45297520006339,0.046905950400126774
0,PPI-GAT + nnPU,10,25242,1184,0,0.0,0.0,0.0,0.4690595040012677,0.046905950400126774
0,PPI-GAT + nnPU,20,25242,1184,1,0.05,0.0008445945945945946,1.0659628378378379,0.9381190080025354,0.046905950400126774
0,PPI-GAT + nnPU,50,25242,1184,4,0.08,0.0033783783783783786,1.7055405405405406,2.345297520006339,0.046905950400126774
0,PPI-GAT + nnPU,100,25242,1184,8,0.08,0.006756756756756757,1.7055405405405406,4.690595040012678,0.046905950400126774
0,PPI-GAT + nnPU,200,25242,1184,18,0.09,0.015202702702702704,1.918733108108108,9.381190080025355,0.046905950400126774
0,PPI-GAT + nnPU,500,25242,1184,65,0.13,0.05489864864864865,2.7715033783783785,23.45297520006339,0.046905950400126774
0,PPI-GCN + nnPU,10,25242,1184,5,0.5,0.004222972972972973,10.659628378378379,0.4690595040012677,0.046905950400126774
0,PPI-GCN + nnPU,20,25242,1184,6,0.3,0.005067567567567568,6.395777027027027,0.9381190080025354,0.046905950400126774
0,PPI-GCN + nnPU,50,25242,1184,6,0.12,0.005067567567567568,2.5583108108108106,2.345297520006339,0.046905950400126774
0,PPI-GCN + nnPU,100,25242,1184,8,0.08,0.006756756756756757,1.7055405405405406,4.690595040012678,0.046905950400126774
0,PPI-GCN + nnPU,200,25242,1184,31,0.155,0.026182432432432432,3.304484797297297,9.381190080025355,0.046905950400126774
0,PPI-GCN + nnPU,500,25242,1184,56,0.112,0.0472972972972973,2.387756756756757,23.45297520006339,0.046905950400126774
0,PPI-GraphSAGE + nnPU,10,25242,1184,4,0.4,0.0033783783783783786,8.527702702702703,0.4690595040012677,0.046905950400126774
0,PPI-GraphSAGE + nnPU,20,25242,1184,7,0.35,0.0059121621621621625,7.461739864864864,0.9381190080025354,0.046905950400126774
0,PPI-GraphSAGE + nnPU,50,25242,1184,20,0.4,0.016891891891891893,8.527702702702703,2.345297520006339,0.046905950400126774
0,PPI-GraphSAGE + nnPU,100,25242,1184,35,0.35,0.02956081081081081,7.461739864864864,4.690595040012678,0.046905950400126774
0,PPI-GraphSAGE + nnPU,200,25242,1184,61,0.305,0.05152027027027027,6.50237331081081,9.381190080025355,0.046905950400126774
0,PPI-GraphSAGE + nnPU,500,25242,1184,122,0.244,0.10304054054054054,5.2018986486486485,23.45297520006339,0.046905950400126774
0,RWR (STRING graph),10,25242,1184,8,0.8,0.006756756756756757,17.055405405405406,0.4690595040012677,0.046905950400126774
0,RWR (STRING graph),20,25242,1184,14,0.7,0.011824324324324325,14.923479729729728,0.9381190080025354,0.046905950400126774
0,RWR (STRING graph),50,25242,1184,33,0.66,0.02787162162162162,14.07070945945946,2.345297520006339,0.046905950400126774
0,RWR (STRING graph),100,25242,1184,66,0.66,0.05574324324324324,14.07070945945946,4.690595040012678,0.046905950400126774
0,RWR (STRING graph),200,25242,1184,128,0.64,0.10810810810810811,13.644324324324325,9.381190080025355,0.046905950400126774
0,RWR (STRING graph),500,25242,1184,279,0.558,0.23564189189189189,11.89614527027027,23.45297520006339,0.046905950400126774
0,Random forest,10,25242,1184,2,0.2,0.0016891891891891893,4.263851351351351,0.4690595040012677,0.046905950400126774
0,Random forest,20,25242,1184,5,0.25,0.004222972972972973,5.3298141891891895,0.9381190080025354,0.046905950400126774
0,Random forest,50,25242,1184,12,0.24,0.010135135135135136,5.116621621621621,2.345297520006339,0.046905950400126774
0,Random forest,100,25242,1184,26,0.26,0.02195945945945946,5.543006756756757,4.690595040012678,0.046905950400126774
0,Random forest,200,25242,1184,56,0.28,0.0472972972972973,5.969391891891893,9.381190080025355,0.046905950400126774
0,Random forest,500,25242,1184,101,0.202,0.08530405405405406,4.306489864864865,23.45297520006339,0.046905950400126774
0,scTDA-GCN (dual attention + nnPU),10,25242,1184,3,0.3,0.002533783783783784,6.395777027027027,0.4690595040012677,0.046905950400126774
0,scTDA-GCN (dual attention + nnPU),20,25242,1184,6,0.3,0.005067567567567568,6.395777027027027,0.9381190080025354,0.046905950400126774
0,scTDA-GCN (dual attention + nnPU),50,25242,1184,15,0.3,0.01266891891891892,6.395777027027027,2.345297520006339,0.046905950400126774
0,scTDA-GCN (dual attention + nnPU),100,25242,1184,27,0.27,0.022804054054054054,5.756199324324324,4.690595040012678,0.046905950400126774
0,scTDA-GCN (dual attention + nnPU),200,25242,1184,54,0.27,0.04560810810810811,5.756199324324324,9.381190080025355,0.046905950400126774
0,scTDA-GCN (dual attention + nnPU),500,25242,1184,99,0.198,0.08361486486486487,4.221212837837838,23.45297520006339,0.046905950400126774
0,scTDA-GCN (equal fusion + nnPU),10,25242,1184,3,0.3,0.002533783783783784,6.395777027027027,0.4690595040012677,0.046905950400126774
0,scTDA-GCN (equal fusion + nnPU),20,25242,1184,5,0.25,0.004222972972972973,5.3298141891891895,0.9381190080025354,0.046905950400126774
0,scTDA-GCN (equal fusion + nnPU),50,25242,1184,12,0.24,0.010135135135135136,5.116621621621621,2.345297520006339,0.046905950400126774
0,scTDA-GCN (equal fusion + nnPU),100,25242,1184,23,0.23,0.019425675675675675,4.903429054054055,4.690595040012678,0.046905950400126774
0,scTDA-GCN (equal fusion + nnPU),200,25242,1184,35,0.175,0.02956081081081081,3.730869932432432,9.381190080025355,0.046905950400126774
0,scTDA-GCN (equal fusion + nnPU),500,25242,1184,62,0.124,0.052364864864864864,2.643587837837838,23.45297520006339,0.046905950400126774
0,scTDA-GCN (local attention + weighted BCE),10,25242,1184,1,0.1,0.0008445945945945946,2.1319256756756757,0.4690595040012677,0.046905950400126774
0,scTDA-GCN (local attention + weighted BCE),20,25242,1184,7,0.35,0.0059121621621621625,7.461739864864864,0.9381190080025354,0.046905950400126774
0,scTDA-GCN (local attention + weighted BCE),50,25242,1184,19,0.38,0.016047297297297296,8.101317567567568,2.345297520006339,0.046905950400126774
0,scTDA-GCN (local attention + weighted BCE),100,25242,1184,35,0.35,0.02956081081081081,7.461739864864864,4.690595040012678,0.046905950400126774
0,scTDA-GCN (local attention + weighted BCE),200,25242,1184,62,0.31,0.052364864864864864,6.608969594594594,9.381190080025355,0.046905950400126774
0,scTDA-GCN (local attention + weighted BCE),500,25242,1184,153,0.306,0.12922297297297297,6.523692567567568,23.45297520006339,0.046905950400126774
1,Logistic regression,10,25242,1184,1,0.1,0.0008445945945945946,2.1319256756756757,0.4690595040012677,0.046905950400126774
1,Logistic regression,20,25242,1184,6,0.3,0.005067567567567568,6.395777027027027,0.9381190080025354,0.046905950400126774
1,Logistic regression,50,25242,1184,17,0.34,0.014358108108108109,7.248547297297297,2.345297520006339,0.046905950400126774
1,Logistic regression,100,25242,1184,32,0.32,0.02702702702702703,6.822162162162162,4.690595040012678,0.046905950400126774
1,Logistic regression,200,25242,1184,60,0.3,0.05067567567567568,6.395777027027027,9.381190080025355,0.046905950400126774
1,Logistic regression,500,25242,1184,103,0.206,0.08699324324324324,4.3917668918918915,23.45297520006339,0.046905950400126774
1,Network-degree logistic,10,25242,1184,10,1.0,0.008445945945945946,21.319256756756758,0.4690595040012677,0.046905950400126774
1,Network-degree logistic,20,25242,1184,16,0.8,0.013513513513513514,17.055405405405406,0.9381190080025354,0.046905950400126774
1,Network-degree logistic,50,25242,1184,38,0.76,0.03209459459459459,16.202635135135136,2.345297520006339,0.046905950400126774
1,Network-degree logistic,100,25242,1184,65,0.65,0.05489864864864865,13.857516891891892,4.690595040012678,0.046905950400126774
1,Network-degree logistic,200,25242,1184,111,0.555,0.09375,11.832187500000002,9.381190080025355,0.046905950400126774
1,Network-degree logistic,500,25242,1184,235,0.47,0.19847972972972974,10.020050675675675,23.45297520006339,0.046905950400126774
1,PPI-GAT + nnPU,10,25242,1184,2,0.2,0.0016891891891891893,4.263851351351351,0.4690595040012677,0.046905950400126774
1,PPI-GAT + nnPU,20,25242,1184,5,0.25,0.004222972972972973,5.3298141891891895,0.9381190080025354,0.046905950400126774
1,PPI-GAT + nnPU,50,25242,1184,11,0.22,0.009290540540540541,4.690236486486486,2.345297520006339,0.046905950400126774
1,PPI-GAT + nnPU,100,25242,1184,15,0.15,0.01266891891891892,3.1978885135135133,4.690595040012678,0.046905950400126774
1,PPI-GAT + nnPU,200,25242,1184,23,0.115,0.019425675675675675,2.4517145270270273,9.381190080025355,0.046905950400126774
1,PPI-GAT + nnPU,500,25242,1184,67,0.134,0.056587837837837836,2.8567804054054053,23.45297520006339,0.046905950400126774
1,PPI-GCN + nnPU,10,25242,1184,0,0.0,0.0,0.0,0.4690595040012677,0.046905950400126774
1,PPI-GCN + nnPU,20,25242,1184,1,0.05,0.0008445945945945946,1.0659628378378379,0.9381190080025354,0.046905950400126774
1,PPI-GCN + nnPU,50,25242,1184,3,0.06,0.002533783783783784,1.2791554054054053,2.345297520006339,0.046905950400126774
1,PPI-GCN + nnPU,100,25242,1184,11,0.11,0.009290540540540541,2.345118243243243,4.690595040012678,0.046905950400126774
1,PPI-GCN + nnPU,200,25242,1184,19,0.095,0.016047297297297296,2.025329391891892,9.381190080025355,0.046905950400126774
1,PPI-GCN + nnPU,500,25242,1184,39,0.078,0.032939189189189186,1.662902027027027,23.45297520006339,0.046905950400126774
1,PPI-GraphSAGE + nnPU,10,25242,1184,3,0.3,0.002533783783783784,6.395777027027027,0.4690595040012677,0.046905950400126774
1,PPI-GraphSAGE + nnPU,20,25242,1184,8,0.4,0.006756756756756757,8.527702702702703,0.9381190080025354,0.046905950400126774
1,PPI-GraphSAGE + nnPU,50,25242,1184,18,0.36,0.015202702702702704,7.674932432432432,2.345297520006339,0.046905950400126774
1,PPI-GraphSAGE + nnPU,100,25242,1184,34,0.34,0.028716216216216218,7.248547297297297,4.690595040012678,0.046905950400126774
1,PPI-GraphSAGE + nnPU,200,25242,1184,58,0.29,0.048986486486486486,6.182584459459459,9.381190080025355,0.046905950400126774
1,PPI-GraphSAGE + nnPU,500,25242,1184,125,0.25,0.10557432432432433,5.3298141891891895,23.45297520006339,0.046905950400126774
1,RWR (STRING graph),10,25242,1184,7,0.7,0.0059121621621621625,14.923479729729728,0.4690595040012677,0.046905950400126774
1,RWR (STRING graph),20,25242,1184,15,0.75,0.01266891891891892,15.989442567567567,0.9381190080025354,0.046905950400126774
1,RWR (STRING graph),50,25242,1184,35,0.7,0.02956081081081081,14.923479729729728,2.345297520006339,0.046905950400126774
1,RWR (STRING graph),100,25242,1184,65,0.65,0.05489864864864865,13.857516891891892,4.690595040012678,0.046905950400126774
1,RWR (STRING graph),200,25242,1184,128,0.64,0.10810810810810811,13.644324324324325,9.381190080025355,0.046905950400126774
1,RWR (STRING graph),500,25242,1184,289,0.578,0.24408783783783783,12.322530405405404,23.45297520006339,0.046905950400126774
1,Random forest,10,25242,1184,2,0.2,0.0016891891891891893,4.263851351351351,0.4690595040012677,0.046905950400126774
1,Random forest,20,25242,1184,4,0.2,0.0033783783783783786,4.263851351351351,0.9381190080025354,0.046905950400126774
1,Random forest,50,25242,1184,14,0.28,0.011824324324324325,5.969391891891893,2.345297520006339,0.046905950400126774
1,Random forest,100,25242,1184,26,0.26,0.02195945945945946,5.543006756756757,4.690595040012678,0.046905950400126774
1,Random forest,200,25242,1184,48,0.24,0.04054054054054054,5.116621621621621,9.381190080025355,0.046905950400126774
1,Random forest,500,25242,1184,107,0.214,0.09037162162162163,4.562320945945946,23.45297520006339,0.046905950400126774
1,scTDA-GCN (dual attention + nnPU),10,25242,1184,5,0.5,0.004222972972972973,10.659628378378379,0.4690595040012677,0.046905950400126774
1,scTDA-GCN (dual attention + nnPU),20,25242,1184,8,0.4,0.006756756756756757,8.527702702702703,0.9381190080025354,0.046905950400126774
1,scTDA-GCN (dual attention + nnPU),50,25242,1184,22,0.44,0.018581081081081082,9.380472972972973,2.345297520006339,0.046905950400126774
1,scTDA-GCN (dual attention + nnPU),100,25242,1184,35,0.35,0.02956081081081081,7.461739864864864,4.690595040012678,0.046905950400126774
1,scTDA-GCN (dual attention + nnPU),200,25242,1184,62,0.31,0.052364864864864864,6.608969594594594,9.381190080025355,0.046905950400126774
1,scTDA-GCN (dual attention + nnPU),500,25242,1184,138,0.276,0.11655405405405406,5.884114864864865,23.45297520006339,0.046905950400126774
1,scTDA-GCN (equal fusion + nnPU),10,25242,1184,2,0.2,0.0016891891891891893,4.263851351351351,0.4690595040012677,0.046905950400126774
1,scTDA-GCN (equal fusion + nnPU),20,25242,1184,7,0.35,0.0059121621621621625,7.461739864864864,0.9381190080025354,0.046905950400126774
1,scTDA-GCN (equal fusion + nnPU),50,25242,1184,21,0.42,0.017736486486486486,8.954087837837838,2.345297520006339,0.046905950400126774
1,scTDA-GCN (equal fusion + nnPU),100,25242,1184,37,0.37,0.03125,7.888125,4.690595040012678,0.046905950400126774
1,scTDA-GCN (equal fusion + nnPU),200,25242,1184,46,0.23,0.03885135135135135,4.903429054054055,9.381190080025355,0.046905950400126774
1,scTDA-GCN (equal fusion + nnPU),500,25242,1184,66,0.132,0.05574324324324324,2.814141891891892,23.45297520006339,0.046905950400126774
1,scTDA-GCN (local attention + weighted BCE),10,25242,1184,0,0.0,0.0,0.0,0.4690595040012677,0.046905950400126774
1,scTDA-GCN (local attention + weighted BCE),20,25242,1184,6,0.3,0.005067567567567568,6.395777027027027,0.9381190080025354,0.046905950400126774
1,scTDA-GCN (local attention + weighted BCE),50,25242,1184,25,0.5,0.021114864864864864,10.659628378378379,2.345297520006339,0.046905950400126774
1,scTDA-GCN (local attention + weighted BCE),100,25242,1184,45,0.45,0.03800675675675676,9.59366554054054,4.690595040012678,0.046905950400126774
1,scTDA-GCN (local attention + weighted BCE),200,25242,1184,67,0.335,0.056587837837837836,7.141951013513514,9.381190080025355,0.046905950400126774
1,scTDA-GCN (local attention + weighted BCE),500,25242,1184,158,0.316,0.13344594594594594,6.736885135135135,23.45297520006339,0.046905950400126774
2,Logistic regression,10,25242,1184,1,0.1,0.0008445945945945946,2.1319256756756757,0.4690595040012677,0.046905950400126774
2,Logistic regression,20,25242,1184,3,0.15,0.002533783783783784,3.1978885135135133,0.9381190080025354,0.046905950400126774
2,Logistic regression,50,25242,1184,16,0.32,0.013513513513513514,6.822162162162162,2.345297520006339,0.046905950400126774
2,Logistic regression,100,25242,1184,32,0.32,0.02702702702702703,6.822162162162162,4.690595040012678,0.046905950400126774
2,Logistic regression,200,25242,1184,57,0.285,0.04814189189189189,6.075988175675675,9.381190080025355,0.046905950400126774
2,Logistic regression,500,25242,1184,103,0.206,0.08699324324324324,4.3917668918918915,23.45297520006339,0.046905950400126774
2,Network-degree logistic,10,25242,1184,10,1.0,0.008445945945945946,21.319256756756758,0.4690595040012677,0.046905950400126774
2,Network-degree logistic,20,25242,1184,15,0.75,0.01266891891891892,15.989442567567567,0.9381190080025354,0.046905950400126774
2,Network-degree logistic,50,25242,1184,38,0.76,0.03209459459459459,16.202635135135136,2.345297520006339,0.046905950400126774
2,Network-degree logistic,100,25242,1184,65,0.65,0.05489864864864865,13.857516891891892,4.690595040012678,0.046905950400126774
2,Network-degree logistic,200,25242,1184,112,0.56,0.0945945945945946,11.938783783783785,9.381190080025355,0.046905950400126774
2,Network-degree logistic,500,25242,1184,240,0.48,0.20270270270270271,10.233243243243242,23.45297520006339,0.046905950400126774
2,PPI-GAT + nnPU,10,25242,1184,2,0.2,0.0016891891891891893,4.263851351351351,0.4690595040012677,0.046905950400126774
2,PPI-GAT + nnPU,20,25242,1184,7,0.35,0.0059121621621621625,7.461739864864864,0.9381190080025354,0.046905950400126774
2,PPI-GAT + nnPU,50,25242,1184,10,0.2,0.008445945945945946,4.263851351351351,2.345297520006339,0.046905950400126774
2,PPI-GAT + nnPU,100,25242,1184,12,0.12,0.010135135135135136,2.5583108108108106,4.690595040012678,0.046905950400126774
2,PPI-GAT + nnPU,200,25242,1184,30,0.15,0.02533783783783784,3.1978885135135133,9.381190080025355,0.046905950400126774
2,PPI-GAT + nnPU,500,25242,1184,60,0.12,0.05067567567567568,2.5583108108108106,23.45297520006339,0.046905950400126774
2,PPI-GCN + nnPU,10,25242,1184,0,0.0,0.0,0.0,0.4690595040012677,0.046905950400126774
2,PPI-GCN + nnPU,20,25242,1184,0,0.0,0.0,0.0,0.9381190080025354,0.046905950400126774
2,PPI-GCN + nnPU,50,25242,1184,6,0.12,0.005067567567567568,2.5583108108108106,2.345297520006339,0.046905950400126774
2,PPI-GCN + nnPU,100,25242,1184,13,0.13,0.01097972972972973,2.7715033783783785,4.690595040012678,0.046905950400126774
2,PPI-GCN + nnPU,200,25242,1184,24,0.12,0.02027027027027027,2.5583108108108106,9.381190080025355,0.046905950400126774
2,PPI-GCN + nnPU,500,25242,1184,41,0.082,0.03462837837837838,1.748179054054054,23.45297520006339,0.046905950400126774
2,PPI-GraphSAGE + nnPU,10,25242,1184,4,0.4,0.0033783783783783786,8.527702702702703,0.4690595040012677,0.046905950400126774
2,PPI-GraphSAGE + nnPU,20,25242,1184,9,0.45,0.007601351351351352,9.59366554054054,0.9381190080025354,0.046905950400126774
2,PPI-GraphSAGE + nnPU,50,25242,1184,23,0.46,0.019425675675675675,9.80685810810811,2.345297520006339,0.046905950400126774
2,PPI-GraphSAGE + nnPU,100,25242,1184,37,0.37,0.03125,7.888125,4.690595040012678,0.046905950400126774
2,PPI-GraphSAGE + nnPU,200,25242,1184,57,0.285,0.04814189189189189,6.075988175675675,9.381190080025355,0.046905950400126774
2,PPI-GraphSAGE + nnPU,500,25242,1184,126,0.252,0.10641891891891891,5.372452702702702,23.45297520006339,0.046905950400126774
2,RWR (STRING graph),10,25242,1184,7,0.7,0.0059121621621621625,14.923479729729728,0.4690595040012677,0.046905950400126774
2,RWR (STRING graph),20,25242,1184,14,0.7,0.011824324324324325,14.923479729729728,0.9381190080025354,0.046905950400126774
2,RWR (STRING graph),50,25242,1184,34,0.68,0.028716216216216218,14.497094594594595,2.345297520006339,0.046905950400126774
2,RWR (STRING graph),100,25242,1184,63,0.63,0.05320945945945946,13.431131756756757,4.690595040012678,0.046905950400126774
2,RWR (STRING graph),200,25242,1184,127,0.635,0.10726351351351351,13.537728040540541,9.381190080025355,0.046905950400126774
2,RWR (STRING graph),500,25242,1184,292,0.584,0.24662162162162163,12.450445945945946,23.45297520006339,0.046905950400126774
2,Random forest,10,25242,1184,3,0.3,0.002533783783783784,6.395777027027027,0.4690595040012677,0.046905950400126774
2,Random forest,20,25242,1184,7,0.35,0.0059121621621621625,7.461739864864864,0.9381190080025354,0.046905950400126774
2,Random forest,50,25242,1184,13,0.26,0.01097972972972973,5.543006756756757,2.345297520006339,0.046905950400126774
2,Random forest,100,25242,1184,26,0.26,0.02195945945945946,5.543006756756757,4.690595040012678,0.046905950400126774
2,Random forest,200,25242,1184,53,0.265,0.044763513513513514,5.649603040540541,9.381190080025355,0.046905950400126774
2,Random forest,500,25242,1184,117,0.234,0.09881756756756757,4.988706081081081,23.45297520006339,0.046905950400126774
2,scTDA-GCN (dual attention + nnPU),10,25242,1184,3,0.3,0.002533783783783784,6.395777027027027,0.4690595040012677,0.046905950400126774
2,scTDA-GCN (dual attention + nnPU),20,25242,1184,8,0.4,0.006756756756756757,8.527702702702703,0.9381190080025354,0.046905950400126774
2,scTDA-GCN (dual attention + nnPU),50,25242,1184,17,0.34,0.014358108108108109,7.248547297297297,2.345297520006339,0.046905950400126774
2,scTDA-GCN (dual attention + nnPU),100,25242,1184,30,0.3,0.02533783783783784,6.395777027027027,4.690595040012678,0.046905950400126774
2,scTDA-GCN (dual attention + nnPU),200,25242,1184,53,0.265,0.044763513513513514,5.649603040540541,9.381190080025355,0.046905950400126774
2,scTDA-GCN (dual attention + nnPU),500,25242,1184,105,0.21,0.08868243243243243,4.477043918918919,23.45297520006339,0.046905950400126774
2,scTDA-GCN (equal fusion + nnPU),10,25242,1184,2,0.2,0.0016891891891891893,4.263851351351351,0.4690595040012677,0.046905950400126774
2,scTDA-GCN (equal fusion + nnPU),20,25242,1184,3,0.15,0.002533783783783784,3.1978885135135133,0.9381190080025354,0.046905950400126774
2,scTDA-GCN (equal fusion + nnPU),50,25242,1184,14,0.28,0.011824324324324325,5.969391891891893,2.345297520006339,0.046905950400126774
2,scTDA-GCN (equal fusion + nnPU),100,25242,1184,25,0.25,0.021114864864864864,5.3298141891891895,4.690595040012678,0.046905950400126774
2,scTDA-GCN (equal fusion + nnPU),200,25242,1184,44,0.22,0.037162162162162164,4.690236486486486,9.381190080025355,0.046905950400126774
2,scTDA-GCN (equal fusion + nnPU),500,25242,1184,63,0.126,0.05320945945945946,2.686226351351351,23.45297520006339,0.046905950400126774
2,scTDA-GCN (local attention + weighted BCE),10,25242,1184,3,0.3,0.002533783783783784,6.395777027027027,0.4690595040012677,0.046905950400126774
2,scTDA-GCN (local attention + weighted BCE),20,25242,1184,6,0.3,0.005067567567567568,6.395777027027027,0.9381190080025354,0.046905950400126774
2,scTDA-GCN (local attention + weighted BCE),50,25242,1184,14,0.28,0.011824324324324325,5.969391891891893,2.345297520006339,0.046905950400126774
2,scTDA-GCN (local attention + weighted BCE),100,25242,1184,36,0.36,0.030405405405405407,7.674932432432432,4.690595040012678,0.046905950400126774
2,scTDA-GCN (local attention + weighted BCE),200,25242,1184,76,0.38,0.06418918918918919,8.101317567567568,9.381190080025355,0.046905950400126774
2,scTDA-GCN (local attention + weighted BCE),500,25242,1184,166,0.332,0.14020270270270271,7.0779932432432435,23.45297520006339,0.046905950400126774
